,PM2.5,PM10,SO2,NO2,CO,O3,TEMP,RAIN,wd,WSPM
0,6.0,18.0,5.0,43.0,800.0,88.0,0.1,0.0,5.497787143782138,4.4
1,6.0,15.0,5.0,43.0,800.0,88.0,-0.3,0.0,5.497787143782138,4.0
2,5.0,18.0,7.0,43.0,700.0,52.0,-0.7,0.0,5.105088062083414,4.6
3,6.0,20.0,6.0,43.0,900.0,45.0,-1.0,0.0,4.712388980384691,2.8
4,5.0,17.0,5.0,43.0,600.0,73.0,-1.3,0.0,5.105088062083414,3.6
5,4.0,11.0,3.0,43.0,700.0,87.0,-1.8,0.0,1.5707963267948966,1.2
6,3.0,6.0,3.0,43.0,700.0,92.0,-2.6,0.0,1.1780972450961724,1.2
7,5.0,5.0,3.0,43.0,800.0,86.0,-0.9,0.0,1.1780972450961724,1.1
8,5.0,9.0,5.0,43.0,900.0,81.0,0.1,0.0,1.1780972450961724,3.0
9,4.0,10.0,6.0,43.0,900.0,82.0,1.1,0.0,0.7853981633974483,2.8
10,7.0,8.0,8.0,43.0,900.0,82.0,1.9,0.0,1.1780972450961724,3.0
11,3.0,6.0,8.0,43.0,800.0,85.0,3.3,0.0,1.1780972450961724,3.2
12,9.0,10.0,8.0,43.0,800.0,86.0,4.1,0.0,1.1780972450961724,3.2
13,10.0,19.0,9.0,43.0,900.0,86.0,5.3,0.0,0.7853981633974483,2.7
14,13.0,20.0,8.0,43.0,800.0,88.0,5.5,0.0,0.7853981633974483,2.1
15,13.0,16.0,8.0,43.0,800.0,90.0,6.3,0.0,1.1780972450961724,2.7
16,11.0,22.0,6.0,43.0,800.0,90.0,5.9,0.0,1.1780972450961724,1.8
17,10.0,20.0,4.0,43.0,800.0,87.0,5.1,0.0,5.105088062083414,1.0
18,11.0,20.0,6.0,43.0,900.0,80.0,3.7,0.0,1.5707963267948966,1.6
19,11.0,31.0,8.0,43.0,1000.0,69.0,2.7,0.0,1.5707963267948966,1.7
20,13.0,25.0,12.0,5.0,1100.0,61.0,1.6,0.0,1.9634954084936207,1.9
21,15.0,23.0,14.0,13.0,1200.0,52.0,1.0,0.0,2.748893571891069,0.7
22,16.0,28.0,16.0,19.0,1200.0,45.0,1.3,0.0,1.5707963267948966,1.0
23,16.0,28.0,14.0,20.0,1100.0,44.0,0.2,0.0,1.9634954084936207,1.1
24,14.0,18.0,24.0,43.0,1399.0,25.0,-0.3,0.0,1.1780972450961724,1.4
25,18.0,39.0,25.0,28.0,1300.0,37.0,-0.7,0.0,1.5707963267948966,1.0
26,19.0,29.0,30.0,13.0,1100.0,47.0,-0.8,0.0,1.1780972450961724,1.4
27,15.0,24.0,20.0,12.0,1000.0,46.0,-1.2,0.0,1.1780972450961724,1.1
28,13.0,16.0,21.0,24.0,1200.0,37.0,-1.3,0.0,0.7853981633974483,1.1
29,12.0,23.0,26.0,11.0,1200.0,50.0,-1.3,0.0,1.1780972450961724,1.4
30,12.0,12.0,18.0,43.0,1000.0,62.0,-1.6,0.0,1.1780972450961724,0.7
31,3.0,6.0,19.0,11.0,1100.0,52.0,-1.3,0.0,1.9634954084936207,0.6
32,3.0,9.0,22.0,15.0,1200.0,51.0,-0.6,0.0,0.39269908169872414,0.9
33,10.0,15.0,30.0,27.0,1200.0,42.0,0.3,0.0,3.9269908169872414,0.7
34,15.0,17.0,34.0,45.0,1300.0,30.0,1.7,0.0,3.9269908169872414,1.9
35,20.0,31.0,27.0,45.0,1399.0,31.0,2.5,0.0,3.5342917352885173,2.0
36,26.0,36.0,26.0,23.0,1200.0,49.0,3.1,0.0,3.5342917352885173,2.2
37,31.0,43.0,23.0,6.0,1100.0,65.0,3.5,0.0,2.748893571891069,1.2
38,32.0,36.0,26.0,12.0,1200.0,62.0,3.7,0.0,2.748893571891069,1.1
39,36.0,37.0,40.0,22.0,1600.0,59.0,3.8,0.0,2.748893571891069,1.2
40,47.0,66.0,47.0,30.0,1600.0,55.0,3.6,0.0,3.1415926535897927,1.4
41,59.0,80.0,50.0,32.0,1500.0,51.0,3.2,0.0,2.748893571891069,1.4
42,63.0,88.0,50.0,36.0,1600.0,50.0,2.8,0.0,3.1415926535897927,0.6
43,70.0,102.0,62.0,62.0,1899.0,26.0,1.4,0.0,1.5707963267948966,0.7
44,86.0,125.0,66.0,89.0,2100.0,6.0,1.4,0.0,1.5707963267948966,0.9
45,98.0,147.0,67.0,84.0,2200.0,7.0,0.5,0.0,2.3561944901923453,0.6
46,98.0,126.0,71.0,97.0,2500.0,5.0,-0.8,0.0,5.8904862254808625,0.6
47,86.0,108.0,71.0,97.0,2600.0,5.0,-1.9,0.0,5.497787143782138,0.0
48,81.0,108.0,64.0,91.0,2500.0,4.0,-2.5,0.0,5.105088062083414,0.5
49,80.0,99.0,66.0,85.0,3000.0,5.0,-2.6,0.0,3.9269908169872414,0.2
50,84.0,106.0,66.0,74.0,3799.0,5.0,-3.1,0.0,2.3561944901923453,0.8
51,87.0,137.0,50.0,61.0,2600.0,5.0,-3.6,0.0,3.9269908169872414,0.2
52,79.0,92.0,42.0,39.0,2100.0,10.0,-4.2,0.0,1.9634954084936207,0.0
53,54.0,71.0,56.0,78.0,3799.0,5.0,-4.4,0.0,0.0,0.0
54,76.0,94.0,47.0,65.0,3700.0,4.0,-4.7,0.0,5.497787143782138,0.9
55,82.0,110.0,46.0,53.0,2899.0,4.0,-2.5,0.0,2.748893571891069,0.9
56,78.0,88.0,52.0,52.0,2899.0,6.0,1.2,0.0,0.7853981633974483,0.5
57,77.0,99.0,60.0,66.0,3399.0,9.0,3.8,0.0,3.5342917352885173,0.5
58,87.0,113.0,80.0,86.0,3000.0,14.0,6.4,0.0,2.3561944901923453,1.4
59,97.0,115.0,74.0,94.0,3000.0,16.0,10.5,0.0,2.748893571891069,1.4
60,102.0,138.0,68.0,109.0,3100.0,18.0,14.1,0.0,5.105088062083414,3.0
61,113.0,184.0,66.0,81.0,2399.0,51.0,16.0,0.0,5.105088062083414,2.6
62,127.0,194.0,53.0,51.0,1800.0,71.0,16.6,0.0,5.105088062083414,2.4
63,97.0,149.0,19.0,43.0,1000.0,85.0,16.9,0.0,5.105088062083414,3.7
64,61.0,112.0,20.0,6.0,1100.0,79.0,15.8,0.0,5.105088062083414,1.9
65,44.0,119.0,25.0,13.0,1300.0,80.0,12.1,0.0,5.497787143782138,1.7
66,78.0,178.0,81.0,90.0,2299.0,51.0,14.6,0.0,5.8904862254808625,4.4
67,150.0,268.0,60.0,81.0,2100.0,40.0,13.8,0.0,4.712388980384691,1.2
68,126.0,193.0,7.0,43.0,900.0,79.0,12.6,0.0,5.105088062083414,1.4
69,34.0,39.0,3.0,43.0,800.0,88.0,10.3,0.0,5.105088062083414,2.1
70,14.0,32.0,12.0,3.0,1100.0,63.0,9.4,0.0,5.105088062083414,1.4
71,20.0,43.0,24.0,52.0,1800.0,17.0,11.0,0.0,1.5707963267948966,0.5
72,28.0,59.0,23.0,18.0,1600.0,47.0,10.1,0.0,0.39269908169872414,3.5
73,23.0,53.0,15.0,43.0,900.0,70.0,9.5,0.0,0.7853981633974483,2.0
74,16.0,38.0,9.0,43.0,800.0,70.0,8.6,0.0,5.105088062083414,1.0
75,13.0,40.0,10.0,43.0,900.0,62.0,8.1,0.0,0.0,1.6
76,13.0,40.0,10.0,2.0,1000.0,52.0,7.2,0.0,3.9269908169872414,0.9
77,12.0,31.0,8.0,43.0,900.0,64.0,3.7,0.0,1.5707963267948966,0.2
78,8.0,20.0,5.0,43.0,900.0,78.0,3.2,0.0,1.5707963267948966,0.5
79,5.0,10.0,4.0,43.0,1000.0,62.0,7.0,0.0,0.0,0.8
80,7.0,21.0,17.0,46.0,1500.0,24.0,8.7,0.0,2.3561944901923453,1.5
81,15.0,49.0,24.0,39.0,1600.0,31.0,10.1,0.0,1.9634954084936207,3.2
82,19.0,50.0,21.0,32.0,1399.0,47.0,11.1,0.0,2.748893571891069,1.8
83,19.0,35.0,15.0,2.0,1100.0,67.0,12.7,0.0,1.9634954084936207,1.8
84,18.0,31.0,12.0,43.0,1000.0,72.0,14.3,0.0,5.105088062083414,0.9
85,18.0,32.0,9.0,43.0,900.0,84.0,14.8,0.0,3.1415926535897927,2.8
86,19.0,22.0,11.0,43.0,900.0,81.0,14.8,0.0,3.5342917352885173,1.7
87,22.0,27.0,12.0,43.0,1000.0,103.0,15.0,0.0,3.5342917352885173,2.3
88,26.0,36.0,10.0,43.0,900.0,105.0,14.7,0.0,4.712388980384691,1.3
89,28.0,34.0,10.0,43.0,1000.0,107.0,12.7,0.0,4.712388980384691,1.8
90,32.0,55.0,12.0,3.0,1000.0,94.0,11.2,0.0,4.319689898685965,0.9
91,38.0,82.0,17.0,16.0,1100.0,76.0,9.7,0.0,4.712388980384691,1.7
92,45.0,96.0,34.0,36.0,1399.0,52.0,8.4,0.0,2.748893571891069,1.0
93,57.0,108.0,39.0,42.0,1399.0,44.0,7.8,0.0,4.712388980384691,1.6
94,72.0,106.0,51.0,74.0,1899.0,15.0,5.8,0.0,5.105088062083414,0.9
95,83.0,156.0,70.0,82.0,2000.0,107.0,5.9,0.0,5.105088062083414,1.3
96,99.0,156.0,83.0,85.0,2100.0,107.0,5.7,0.0,4.712388980384691,0.9
97,111.0,159.0,63.0,62.0,2100.0,107.0,3.0,0.0,0.7853981633974483,0.5
98,122.0,162.0,7.0,54.0,1899.0,107.0,1.3,0.0,1.1780972450961724,0.2
99,122.0,157.0,53.0,70.0,900.0,107.0,0.6,0.0,5.105088062083414,0.1
100,111.0,147.0,48.0,43.0,2000.0,107.0,0.5,0.0,4.712388980384691,0.5
101,95.0,158.0,50.0,59.0,3299.0,107.0,-0.2,0.0,5.497787143782138,0.4
102,86.0,108.0,52.0,77.0,2899.0,107.0,0.1,0.0,5.105088062083414,0.2
103,88.0,124.0,63.0,80.0,3299.0,107.0,1.6,0.0,5.8904862254808625,0.2
104,93.0,134.0,69.0,77.0,4099.0,107.0,5.4,0.0,2.3561944901923453,2.3
105,98.0,137.0,78.0,87.0,3200.0,107.0,7.7,0.0,1.9634954084936207,1.7
106,109.0,151.0,78.0,84.0,2899.0,107.0,9.0,0.0,2.3561944901923453,2.9
107,114.0,141.0,70.0,43.0,1500.0,107.0,10.1,0.0,2.3561944901923453,2.0
108,115.0,144.0,65.0,43.0,100.0,2.0,12.4,0.0,2.3561944901923453,1.6
109,120.0,139.0,66.0,43.0,100.0,107.0,13.3,0.0,5.8904862254808625,0.9
110,125.0,130.0,68.0,43.0,100.0,107.0,14.3,0.0,2.3561944901923453,1.6
111,133.0,137.0,66.0,43.0,900.0,107.0,14.4,0.0,1.5707963267948966,0.6
112,146.0,155.0,72.0,43.0,100.0,107.0,13.6,0.0,1.5707963267948966,0.7
113,162.0,190.0,78.0,43.0,100.0,94.0,12.4,0.0,0.7853981633974483,1.1
114,174.0,212.0,86.0,43.0,100.0,76.0,10.0,0.0,0.7853981633974483,0.0
115,186.0,226.0,89.0,43.0,100.0,52.0,7.6,0.0,2.3561944901923453,0.0
116,203.0,250.0,98.0,43.0,100.0,44.0,6.2,0.0,4.712388980384691,0.7
117,217.0,264.0,113.0,43.0,100.0,15.0,5.1,0.0,5.105088062083414,0.8
118,224.0,271.0,112.0,43.0,100.0,15.0,4.3,0.0,5.105088062083414,0.1
119,228.0,289.0,108.0,43.0,100.0,15.0,3.6,0.0,0.0,0.2
120,216.0,241.0,90.0,43.0,100.0,15.0,3.3,0.0,0.0,0.0
121,200.0,214.0,84.0,43.0,100.0,15.0,2.5,0.0,0.0,0.2
122,192.0,207.0,78.0,43.0,100.0,15.0,2.3,0.0,5.8904862254808625,0.2
123,185.0,186.0,69.0,43.0,100.0,15.0,2.0,0.0,4.712388980384691,0.5
124,148.0,177.0,70.0,43.0,100.0,15.0,2.0,0.0,5.105088062083414,0.0
125,144.0,173.0,71.0,43.0,100.0,15.0,2.4,0.0,1.9634954084936207,0.8
126,174.0,175.0,81.0,43.0,100.0,15.0,3.1,0.0,2.3561944901923453,0.6
127,178.0,180.0,80.0,43.0,100.0,15.0,4.8,0.0,1.1780972450961724,1.6
128,193.0,217.0,90.0,43.0,100.0,15.0,6.0,0.0,5.8904862254808625,0.6
129,209.0,251.0,118.0,43.0,100.0,15.0,7.4,0.0,0.7853981633974483,0.0
130,209.0,240.0,116.0,150.0,3799.0,11.0,9.6,0.0,1.1780972450961724,1.3
131,212.0,242.0,109.0,153.0,4400.0,9.0,10.2,0.0,2.3561944901923453,1.0
132,218.0,277.0,110.0,170.0,4400.0,9.0,11.0,0.0,3.1415926535897927,0.8
133,234.0,283.0,126.0,180.0,4400.0,9.0,13.5,0.0,3.1415926535897927,0.7
134,245.0,285.0,124.0,172.0,3799.0,11.0,14.6,0.0,3.1415926535897927,1.3
135,238.0,284.0,148.0,166.0,3500.0,20.0,14.6,0.0,4.712388980384691,1.6
136,162.0,288.0,155.0,153.0,900.0,20.0,14.1,0.0,4.319689898685965,1.2
137,3.0,289.0,156.0,143.0,3299.0,25.0,12.3,0.0,4.712388980384691,0.7
138,3.0,290.0,162.0,157.0,3500.0,26.0,10.5,0.0,5.497787143782138,0.9
139,120.0,307.0,146.0,171.0,3600.0,26.0,7.7,0.0,5.497787143782138,0.9
140,248.0,320.0,158.0,170.0,3700.0,26.0,6.1,0.0,5.105088062083414,0.9
141,287.0,349.0,151.0,172.0,4099.0,26.0,5.3,0.0,5.497787143782138,0.9
142,292.0,347.0,121.0,164.0,4299.0,26.0,5.3,0.0,3.9269908169872414,0.7
143,272.0,329.0,125.0,166.0,4799.0,26.0,5.9,0.0,5.105088062083414,0.5
144,279.0,373.0,114.0,163.0,5200.0,26.0,4.9,0.0,4.712388980384691,1.0
145,284.0,391.0,101.0,160.0,5200.0,26.0,4.2,0.0,5.497787143782138,0.9
146,280.0,375.0,90.0,150.0,5099.0,26.0,4.0,0.0,3.1415926535897927,0.8
147,261.0,331.0,63.0,130.0,4700.0,26.0,2.6,0.0,4.712388980384691,0.6
148,201.0,248.0,53.0,113.0,4500.0,26.0,1.8,0.0,0.39269908169872414,0.6
149,149.0,165.0,46.0,104.0,4299.0,26.0,1.1,0.0,0.0,0.0
150,131.0,152.0,39.0,100.0,4299.0,26.0,1.3,0.0,1.9634954084936207,0.5
151,126.0,165.0,38.0,112.0,5099.0,26.0,4.2,0.0,4.319689898685965,0.7
152,154.0,187.0,75.0,171.0,7000.0,26.0,8.6,0.0,2.3561944901923453,0.7
153,223.0,304.0,168.0,208.0,6099.0,26.0,10.3,0.0,1.5707963267948966,0.7
154,274.0,345.0,140.0,240.0,6000.0,26.0,13.3,0.0,2.3561944901923453,1.4
155,301.0,362.0,123.0,43.0,6900.0,26.0,15.5,0.0,1.9634954084936207,2.1
156,328.0,399.0,94.0,43.0,6299.0,26.0,16.4,0.0,3.1415926535897927,2.1
157,315.0,357.0,85.0,219.0,4099.0,36.0,16.8,0.0,3.1415926535897927,2.6
158,251.0,298.0,53.0,67.0,1800.0,97.0,18.5,0.0,2.748893571891069,2.6
159,161.0,170.0,59.0,93.0,2100.0,99.0,18.4,0.0,3.9269908169872414,2.6
160,198.0,253.0,64.0,82.0,1899.0,107.0,17.7,0.0,3.9269908169872414,0.8
161,222.0,284.0,77.0,111.0,2299.0,107.0,14.9,0.0,4.712388980384691,0.4
162,243.0,322.0,84.0,160.0,2799.0,107.0,12.2,0.0,0.7853981633974483,0.5
163,272.0,364.0,91.0,213.0,3799.0,16.0,10.8,0.0,0.0,0.0
164,299.0,411.0,96.0,211.0,5700.0,107.0,10.1,0.0,0.0,0.2
165,318.0,427.0,87.0,211.0,5200.0,107.0,8.6,0.0,4.712388980384691,0.5
166,302.0,373.0,77.0,208.0,4900.0,107.0,7.6,0.0,4.712388980384691,0.0
167,278.0,350.0,79.0,187.0,5299.0,107.0,9.7,0.0,0.0,1.8
168,264.0,324.0,69.0,167.0,4400.0,107.0,6.9,0.0,0.39269908169872414,0.0
169,248.0,279.0,71.0,189.0,4500.0,107.0,5.7,0.0,0.0,0.1
170,254.0,303.0,68.0,177.0,4200.0,107.0,5.1,0.0,2.748893571891069,0.5
171,251.0,299.0,64.0,168.0,3899.0,107.0,5.1,0.0,4.712388980384691,0.8
172,247.0,282.0,68.0,175.0,4700.0,107.0,4.8,0.0,4.319689898685965,0.8
173,247.0,295.0,59.0,155.0,4200.0,107.0,4.2,0.0,5.105088062083414,0.7
174,240.0,274.0,65.0,166.0,4299.0,107.0,3.8,0.0,5.105088062083414,0.2
175,250.0,293.0,59.0,170.0,4900.0,107.0,6.8,0.0,0.39269908169872414,0.7
176,258.0,294.0,73.0,176.0,5900.0,107.0,12.5,0.0,0.39269908169872414,0.8
177,260.0,317.0,83.0,175.0,5000.0,107.0,16.7,0.0,3.5342917352885173,1.5
178,266.0,329.0,83.1096,179.2269,900.0,107.0,19.2,0.0,3.9269908169872414,1.7
179,233.0,262.0,77.0,145.0,2700.0,107.0,20.4,0.0,3.9269908169872414,2.1
180,273.0,386.0,85.0,239.0,3500.0,107.0,21.2,0.0,2.748893571891069,3.1
181,222.0,268.0,50.0,122.0,2000.0,107.0,22.4,0.0,3.1415926535897927,1.9
182,152.0,232.0,48.0,64.0,1300.0,107.0,18.1,0.0,2.3561944901923453,4.7
183,179.0,400.0,70.0,90.0,2200.0,107.0,14.9,0.0,1.9634954084936207,2.6
184,245.0,542.0,87.0,158.0,3000.0,106.0,12.7,0.0,1.9634954084936207,2.6
185,169.0,298.0,59.0,115.0,1899.0,106.0,10.3,0.0,2.3561944901923453,2.2
186,124.0,200.0,43.0,103.0,1300.0,106.0,9.0,0.0,3.1415926535897927,0.7
187,95.0,113.0,34.0,85.0,1000.0,106.0,8.1,0.0,3.1415926535897927,0.1
188,85.0,102.0,35.0,77.0,1000.0,106.0,7.6,0.0,1.1780972450961724,0.4
189,95.0,129.0,36.0,97.0,1100.0,106.0,6.8,0.0,1.5707963267948966,0.0
190,84.0,88.0,32.0,79.0,1100.0,106.0,6.5,0.0,0.7853981633974483,1.0
191,95.0,107.0,35.0,117.0,1300.0,106.0,5.9,0.0,1.1780972450961724,0.7
192,86.0,90.0,41.0,103.0,1700.0,106.0,4.7,0.0,1.5707963267948966,0.0
193,54.0,72.0,48.0,72.0,1800.0,106.0,4.3,0.0,4.712388980384691,1.5
194,92.0,101.0,7.0,84.0,1600.0,106.0,4.3,0.0,4.712388980384691,1.3
195,91.0,97.0,48.0,93.0,900.0,106.0,3.5,0.0,4.712388980384691,0.5
196,94.0,102.0,42.0,43.0,1300.0,106.0,2.8,0.0,0.0,0.1
197,98.0,101.0,47.0,97.0,2200.0,106.0,2.5,0.0,0.0,0.0
198,96.0,118.0,40.0,100.0,2200.0,106.0,2.8,0.0,5.497787143782138,0.5
199,101.0,123.0,43.0,91.0,2200.0,106.0,4.4,0.0,4.319689898685965,0.7
200,106.0,124.0,46.0,92.0,2000.0,106.0,10.0,0.0,1.5707963267948966,1.7
201,110.0,236.0,57.0,96.0,2000.0,106.0,17.9,0.0,4.712388980384691,5.1
202,86.0,947.0,19.0,15.0,400.0,106.0,15.4,0.0,4.712388980384691,6.9
203,57.0,983.0,3.0,9.0,300.0,106.0,14.2,0.0,4.712388980384691,4.5
204,87.0,82.0,3.0,8.0,300.0,106.0,12.0,0.0,5.8904862254808625,7.3
205,69.0,82.0,3.0,8.0,300.0,106.0,10.4,0.0,5.105088062083414,4.5
206,51.0,957.0,3.0,6.0,300.0,103.0,10.8,0.0,0.0,3.5
207,34.0,438.0,3.0,7.0,300.0,96.0,10.4,0.0,2.3561944901923453,2.1
208,20.0,238.0,3.0,8.0,400.0,96.0,10.8,0.0,0.0,3.5
209,12.0,154.0,3.0,8.0,400.0,96.0,9.5,0.0,0.0,2.3
210,12.0,111.0,3.0,12.0,400.0,96.0,7.7,0.0,5.8904862254808625,2.3
211,18.0,113.0,3.0,17.0,400.0,96.0,6.6,0.0,0.0,2.8
212,15.0,83.0,3.0,15.0,400.0,96.0,5.7,0.0,5.105088062083414,1.4
213,15.0,76.0,3.0,9.0,400.0,96.0,4.9,0.0,5.497787143782138,0.9
214,11.0,47.0,3.0,7.0,400.0,96.0,4.9,0.0,4.712388980384691,0.8
215,9.0,24.0,3.0,7.0,400.0,96.0,2.5,0.0,0.0,0.2
216,3.0,8.0,3.0,7.0,400.0,96.0,3.4,0.0,0.39269908169872414,1.0
217,8.0,9.0,3.0,6.0,400.0,96.0,5.4,0.0,5.8904862254808625,1.6
218,3.0,7.0,3.0,12.0,400.0,96.0,4.0,0.0,4.712388980384691,1.2
219,16.0,47.0,6.0,65.0,900.0,96.0,3.7,0.0,4.712388980384691,0.2
220,31.0,58.0,9.0,85.0,1000.0,96.0,0.9,0.0,1.9634954084936207,0.7
221,37.0,56.0,14.0,71.0,900.0,96.0,0.3,0.0,5.8904862254808625,0.7
222,29.0,64.0,26.0,81.0,1000.0,96.0,-0.9,0.0,0.7853981633974483,0.6
223,24.0,42.0,28.0,60.0,800.0,96.0,3.8,0.0,3.9269908169872414,2.0
224,26.0,64.0,24.0,64.0,900.0,96.0,6.1,0.0,3.9269908169872414,3.3
225,22.0,41.0,16.0,39.0,600.0,96.0,7.1,0.0,3.1415926535897927,2.9
226,21.0,55.0,13.0,25.0,700.0,96.0,8.8,0.0,3.9269908169872414,3.3
227,29.0,64.0,20.0,25.0,900.0,96.0,9.9,0.0,2.748893571891069,3.5
228,35.0,62.0,20.0,24.0,700.0,96.0,11.0,0.0,4.319689898685965,3.0
229,29.0,57.0,17.0,22.0,600.0,96.0,11.7,0.0,2.748893571891069,3.6
230,35.0,59.0,12.0,20.0,600.0,96.0,11.5,0.0,3.1415926535897927,2.9
231,42.0,70.0,11.0,20.0,600.0,103.0,10.8,0.0,3.5342917352885173,2.5
232,45.0,82.0,11.0,22.0,600.0,103.0,10.4,0.0,3.9269908169872414,3.1
233,42.0,81.0,12.0,23.0,600.0,103.0,9.3,0.0,3.1415926535897927,2.0
234,54.0,109.0,16.0,35.0,700.0,103.0,8.3,0.0,3.5342917352885173,2.1
235,68.0,132.0,24.0,52.0,900.0,103.0,7.6,0.0,3.9269908169872414,1.7
236,85.0,141.0,36.0,65.0,1000.0,103.0,6.1,0.0,4.319689898685965,1.1
237,98.0,164.0,52.0,105.0,1300.0,103.0,5.4,0.0,4.319689898685965,1.2
238,106.0,172.0,54.0,107.0,1300.0,103.0,5.1,0.0,4.319689898685965,2.2
239,110.0,169.0,51.0,90.0,1399.0,103.0,4.5,0.0,0.7853981633974483,1.1
240,125.0,184.0,51.0,79.0,1300.0,103.0,2.7,0.0,4.712388980384691,0.8
241,127.0,203.0,45.0,90.0,1500.0,103.0,1.5,0.0,4.712388980384691,1.0
242,128.0,213.0,43.0,98.0,1700.0,103.0,0.0,0.0,0.7853981633974483,0.6
243,114.0,160.0,38.0,93.0,1700.0,103.0,-0.7,0.0,0.7853981633974483,0.0
244,80.0,115.0,32.0,88.0,1899.0,103.0,-1.1,0.0,4.712388980384691,0.8
245,100.0,160.0,34.0,90.0,1899.0,103.0,-1.4,0.0,4.712388980384691,0.5
246,82.0,121.0,33.0,86.0,2500.0,103.0,-1.3,0.0,0.0,0.1
247,98.0,145.0,35.0,89.0,2299.0,103.0,0.7,0.0,1.9634954084936207,0.4
248,100.0,161.0,40.0,94.0,2799.0,103.0,3.2,0.0,1.9634954084936207,1.5
249,122.0,188.0,56.0,106.0,3000.0,103.0,5.0,0.0,2.3561944901923453,1.7
250,123.0,178.0,62.0,111.0,2399.0,103.0,6.4,0.0,1.1780972450961724,1.0
251,123.0,170.0,68.0,116.0,2299.0,103.0,8.0,0.0,0.7853981633974483,1.3
252,134.0,182.0,75.0,127.0,2299.0,103.0,9.5,0.0,1.9634954084936207,0.8
253,136.0,165.0,84.0,118.0,2000.0,103.0,10.4,0.0,3.1415926535897927,2.6
254,124.0,159.0,98.0,74.0,1300.0,103.0,10.8,0.0,3.9269908169872414,1.0
255,124.0,166.0,124.0,76.0,1700.0,103.0,10.7,0.0,3.1415926535897927,1.5
256,141.0,184.0,137.0,92.0,1800.0,103.0,10.3,0.0,4.319689898685965,1.5
257,148.0,208.0,163.0,103.0,2100.0,96.0,9.6,0.0,3.5342917352885173,1.3
258,170.0,245.0,192.0,118.0,2600.0,80.0,9.7,0.0,3.1415926535897927,1.9
259,192.0,271.0,192.0,135.0,2799.0,58.0,9.6,0.0,2.748893571891069,1.2
260,197.0,277.0,188.0,140.0,2700.0,53.0,9.5,0.0,2.748893571891069,1.6
261,201.0,276.0,184.0,144.0,2799.0,53.0,9.1,0.0,3.1415926535897927,0.0
262,204.0,293.0,179.0,144.0,2799.0,53.0,8.7,0.0,3.5342917352885173,0.0
263,219.0,307.0,151.0,137.0,2700.0,53.0,7.9,0.0,3.1415926535897927,0.5
264,167.0,243.0,64.0,113.0,2000.0,53.0,6.5,0.0,4.712388980384691,1.0
265,112.0,179.0,38.0,102.0,1399.0,53.0,5.9,0.0,1.5707963267948966,0.4
266,113.0,160.0,43.0,102.0,1500.0,53.0,6.7,0.0,1.9634954084936207,0.0
267,118.0,169.0,61.0,104.0,1700.0,53.0,6.1,0.1,1.9634954084936207,1.0
268,128.0,198.0,56.0,103.0,2200.0,53.0,4.3,0.7,1.9634954084936207,0.7
269,141.0,231.0,25.0,105.0,2399.0,53.0,4.6,0.1,5.8904862254808625,1.1
270,148.0,164.0,22.0,106.0,2500.0,53.0,4.1,1.3,5.497787143782138,0.7
271,146.0,164.0,21.0,104.0,2600.0,53.0,3.5,0.8,5.105088062083414,0.2
272,128.0,164.0,19.0,102.0,2000.0,53.0,3.2,0.3,1.1780972450961724,1.3
273,124.0,95.0,16.0,98.0,2000.0,53.0,3.3,0.0,0.39269908169872414,0.7
274,132.0,96.0,14.0,98.0,2200.0,53.0,3.5,0.0,1.1780972450961724,1.3
275,134.0,94.0,15.0,101.0,2000.0,53.0,4.2,0.0,0.39269908169872414,1.3
276,136.0,103.0,17.0,101.0,2100.0,53.0,4.7,0.0,1.1780972450961724,1.3
277,156.0,116.0,21.0,103.0,2200.0,53.0,5.5,0.0,0.7853981633974483,1.1
278,152.0,108.0,20.0,96.0,2000.0,53.0,6.1,0.0,1.9634954084936207,2.1
279,140.0,92.0,25.0,85.0,1600.0,43.0,6.6,0.0,1.1780972450961724,1.9
280,150.0,115.0,24.0,91.0,1899.0,32.0,7.6,0.0,3.5342917352885173,0.5
281,152.0,103.0,27.0,96.0,1800.0,22.0,6.9,0.0,1.9634954084936207,1.1
282,125.0,132.0,25.0,100.0,1899.0,10.0,6.1,0.0,5.8904862254808625,0.9
283,131.0,151.0,20.0,114.0,2399.0,10.0,5.1,0.0,4.319689898685965,0.9
284,139.0,159.0,22.0,118.0,2600.0,10.0,4.5,0.0,0.39269908169872414,0.8
285,145.0,110.0,22.0,102.0,1800.0,10.0,4.3,0.0,0.7853981633974483,0.6
286,128.0,103.0,21.0,96.0,1899.0,10.0,5.5,0.0,0.0,1.3
287,145.0,109.0,19.0,102.0,2600.0,10.0,5.6,0.0,1.1780972450961724,1.4
288,88.0,88.0,17.0,85.0,1800.0,11.0,4.7,0.0,0.7853981633974483,1.8
289,44.0,44.0,13.0,60.0,1000.0,26.0,3.9,0.0,1.1780972450961724,1.9
290,14.0,14.0,13.0,20.0,500.0,35.0,3.0,0.0,1.1780972450961724,1.2
291,12.0,12.0,10.0,19.0,900.0,35.0,1.3,0.0,2.748893571891069,0.8
292,12.0,82.0,11.0,19.0,300.0,47.0,-0.1,0.0,2.748893571891069,0.0
293,12.0,82.0,11.0,33.0,600.0,47.0,-0.8,0.0,0.0,0.0
294,14.0,82.0,9.0,49.0,800.0,47.0,1.7,0.0,4.319689898685965,0.5
295,14.0,14.0,8.0,61.0,800.0,47.0,3.7,0.0,1.1780972450961724,1.6
296,18.0,36.0,12.0,62.0,1000.0,47.0,4.9,0.0,0.7853981633974483,2.2
297,24.0,37.0,17.0,45.0,900.0,47.0,6.1,0.0,1.5707963267948966,1.4
298,15.0,15.0,13.0,23.0,800.0,69.0,6.5,0.0,1.1780972450961724,1.7
299,14.0,6.0,9.0,19.0,500.0,75.0,6.8,0.0,1.5707963267948966,3.4
300,3.0,9.0,7.0,20.0,500.0,78.0,7.5,0.0,1.5707963267948966,2.9
301,6.0,10.0,6.0,22.0,500.0,80.0,8.1,0.0,0.39269908169872414,1.8
302,18.0,6.0,5.0,18.0,400.0,86.0,8.5,0.0,1.9634954084936207,2.2
303,6.0,8.0,5.0,22.0,500.0,86.0,8.4,0.0,1.9634954084936207,1.8
304,12.0,16.0,5.0,30.0,500.0,86.0,8.0,0.0,2.748893571891069,2.7
305,28.0,38.0,7.0,35.0,500.0,86.0,6.8,0.0,3.1415926535897927,2.6
306,38.0,51.0,8.0,44.0,600.0,86.0,5.9,0.0,3.1415926535897927,1.4
307,47.0,73.0,10.0,57.0,700.0,86.0,5.4,0.0,3.1415926535897927,2.2
308,57.0,79.0,13.0,80.0,900.0,86.0,4.5,0.0,3.1415926535897927,0.9
309,53.0,73.0,12.0,89.0,1000.0,86.0,4.1,0.0,3.9269908169872414,0.9
310,70.0,102.0,21.0,105.0,1200.0,86.0,4.1,0.0,3.5342917352885173,2.0
311,67.0,88.0,19.0,98.0,1100.0,86.0,3.3,0.0,3.9269908169872414,1.5
312,69.0,93.0,17.0,79.0,1200.0,86.0,2.7,0.0,3.5342917352885173,2.2
313,75.0,102.0,17.0,62.0,1399.0,86.0,1.6,0.0,3.1415926535897927,1.2
314,80.0,88.0,14.0,70.0,1600.0,86.0,0.9,0.0,3.9269908169872414,0.9
315,62.0,64.0,14.0,71.0,1500.0,86.0,0.0,0.0,1.5707963267948966,0.7
316,71.0,55.0,12.0,73.0,1300.0,86.0,-0.5,0.0,1.5707963267948966,0.0
317,54.0,63.0,13.0,72.0,1200.0,86.0,0.1,0.0,1.5707963267948966,1.9
318,64.0,52.0,15.0,71.0,1200.0,86.0,-0.3,0.0,1.5707963267948966,1.5
319,76.0,99.0,13.0,80.0,2399.0,86.0,0.1,0.0,1.5707963267948966,1.8
320,86.0,91.0,18.0,81.0,2399.0,86.0,0.8,0.0,1.5707963267948966,1.6
321,91.0,96.0,24.0,79.0,2100.0,86.0,2.3,0.0,1.9634954084936207,1.8
322,76.0,92.0,33.0,72.0,1899.0,86.0,3.9,0.0,3.1415926535897927,1.5
323,82.0,96.0,42.0,73.0,1700.0,86.0,5.9,0.0,3.5342917352885173,1.9
324,113.0,116.0,42.0,81.0,1600.0,86.0,7.9,0.0,3.9269908169872414,1.5
325,98.0,118.0,58.0,74.0,1300.0,86.0,8.9,0.0,3.5342917352885173,2.2
326,90.0,103.0,102.0,52.0,1000.0,85.0,9.4,0.0,4.319689898685965,2.9
327,84.0,97.0,100.0,52.0,1100.0,80.0,9.1,0.0,3.5342917352885173,2.5
328,108.0,111.0,95.0,58.0,1100.0,78.0,8.6,0.0,3.5342917352885173,2.0
329,117.0,129.0,96.0,71.0,1300.0,72.0,7.8,0.0,3.9269908169872414,2.3
330,135.0,156.0,88.0,82.0,1500.0,67.0,7.1,0.0,3.1415926535897927,0.9
331,149.0,176.0,77.0,101.0,1700.0,67.0,5.9,0.0,1.9634954084936207,0.5
332,148.0,166.0,74.0,116.0,1700.0,67.0,4.8,0.0,2.748893571891069,0.5
333,147.0,181.0,66.0,118.0,1899.0,67.0,4.0,0.0,2.3561944901923453,0.0
334,166.0,204.0,66.0,120.0,2200.0,67.0,2.7,0.0,0.0,0.0
335,173.0,222.0,69.0,120.0,2299.0,67.0,1.9,0.0,0.0,0.0
336,184.0,220.0,61.0,111.0,2600.0,67.0,1.2,0.0,0.0,0.0
337,188.0,211.0,49.0,105.0,3700.0,67.0,0.8,0.0,0.0,0.0
338,159.0,176.0,50.0,96.0,2700.0,67.0,0.5,0.0,0.0,0.0
339,142.0,163.0,49.0,106.0,2600.0,67.0,0.2,0.0,0.0,0.1
340,145.0,165.0,48.0,114.0,2799.0,67.0,-0.1,0.0,4.712388980384691,0.7
341,141.0,160.0,44.0,103.0,2899.0,67.0,-0.3,0.0,4.319689898685965,0.0
342,140.0,149.0,43.0,98.0,3100.0,67.0,-0.3,0.0,0.0,0.0
343,149.0,174.0,46.0,92.0,3299.0,67.0,1.9,0.0,1.9634954084936207,0.7
344,160.0,168.0,47.0,95.0,3200.0,67.0,4.0,0.0,1.9634954084936207,1.5
345,167.0,168.0,54.0,93.0,2399.0,67.0,6.1,0.0,1.5707963267948966,1.6
346,168.0,169.0,54.0,94.0,2899.0,6.0,7.7,0.0,1.1780972450961724,1.2
347,158.0,166.0,85.0,107.0,2000.0,13.0,9.4,0.0,1.1780972450961724,1.2
348,163.0,196.0,91.0,112.0,2000.0,24.0,10.5,0.0,2.748893571891069,0.7
349,184.0,217.0,94.0,133.0,2200.0,67.0,11.7,0.0,3.1415926535897927,1.9
350,234.0,234.0,88.0,148.0,2299.0,67.0,12.1,0.0,3.9269908169872414,1.1
351,273.0,297.0,84.0,171.0,2500.0,64.0,11.9,0.0,3.1415926535897927,1.6
352,289.0,306.0,81.0,141.0,2200.0,63.0,11.3,0.0,3.1415926535897927,1.9
353,290.0,305.0,76.0,121.0,2100.0,71.0,10.6,0.0,3.9269908169872414,1.7
354,302.0,320.0,81.0,138.0,2200.0,71.0,9.8,0.0,4.712388980384691,0.8
355,304.0,328.0,80.0,130.0,2200.0,71.0,8.6,0.0,0.0,0.6
356,336.0,363.0,75.0,148.0,2399.0,71.0,7.1,0.0,0.0,0.0
357,334.0,362.0,73.0,152.0,2600.0,71.0,6.5,0.0,0.0,0.0
358,340.0,374.0,55.0,151.0,3100.0,71.0,6.2,0.0,1.1780972450961724,0.4
359,335.0,352.0,53.0,151.0,3799.0,71.0,6.1,0.0,0.39269908169872414,0.0
360,299.0,337.0,63.0,159.0,3899.0,71.0,6.0,0.0,0.39269908169872414,0.7
361,287.0,304.0,57.0,152.0,3000.0,71.0,5.6,0.0,4.712388980384691,1.0
362,274.0,288.0,56.0,142.0,2700.0,71.0,5.0,0.0,1.5707963267948966,0.6
363,252.0,273.0,51.0,131.0,2500.0,71.0,5.8,0.0,0.7853981633974483,1.0
364,249.0,282.0,50.0,151.0,3299.0,71.0,5.2,0.0,0.7853981633974483,0.1
365,266.0,296.0,58.0,148.0,3100.0,71.0,6.6,0.0,0.39269908169872414,1.1
366,263.0,279.0,66.0,128.0,2500.0,71.0,6.6,0.0,1.5707963267948966,0.7
367,292.0,256.0,57.0,103.0,2200.0,71.0,7.4,0.0,1.1780972450961724,0.1
368,254.0,261.0,54.0,112.0,2500.0,71.0,9.4,0.0,0.39269908169872414,0.5
369,248.0,252.0,63.0,112.0,2700.0,71.0,12.4,0.0,1.5707963267948966,0.0
370,248.0,205.0,69.0,91.0,2000.0,71.0,12.8,0.0,3.1415926535897927,1.5
371,202.0,166.0,70.0,64.0,2000.0,73.0,13.3,0.0,3.9269908169872414,1.5
372,174.0,204.0,70.0,87.0,2200.0,75.0,13.9,0.0,3.5342917352885173,1.8
373,193.0,207.0,70.0,80.0,2200.0,93.0,14.0,0.0,2.3561944901923453,2.9
374,184.0,128.0,53.0,44.0,1800.0,107.0,14.3,0.0,3.9269908169872414,2.3
375,136.0,161.0,54.0,53.0,2000.0,107.0,13.2,0.0,3.1415926535897927,1.4
376,161.0,202.0,68.0,76.0,2700.0,107.0,12.6,0.0,3.1415926535897927,2.0
377,193.0,249.0,79.0,90.0,3200.0,107.0,12.3,0.0,3.5342917352885173,1.2
378,293.0,308.0,92.0,132.0,4099.0,107.0,11.8,0.0,3.1415926535897927,2.5
379,315.0,323.0,93.0,151.0,4400.0,107.0,10.5,0.0,2.748893571891069,2.0
380,267.0,246.0,55.0,108.0,2299.0,107.0,9.8,0.0,3.5342917352885173,1.4
381,232.0,232.0,52.0,103.0,2100.0,107.0,9.0,0.0,4.319689898685965,1.4
382,250.0,205.0,48.0,105.0,2000.0,107.0,8.1,0.0,3.1415926535897927,1.2
383,219.0,205.0,42.0,98.0,1899.0,107.0,7.8,0.0,3.9269908169872414,0.9
384,176.0,208.0,40.0,119.0,2100.0,107.0,7.1,0.0,2.748893571891069,0.7
385,184.0,217.0,50.0,112.0,2600.0,107.0,6.5,0.0,3.9269908169872414,0.7
386,190.0,214.0,51.0,100.0,2200.0,107.0,6.4,0.0,4.319689898685965,0.8
387,189.0,220.0,45.0,109.0,900.0,107.0,6.6,0.0,3.1415926535897927,0.8
388,191.0,217.0,43.0,109.0,1500.0,107.0,6.2,0.0,3.9269908169872414,0.0
389,197.0,216.0,52.0,103.0,2299.0,107.0,6.0,0.0,4.712388980384691,1.2
390,201.0,211.0,55.0,107.0,2399.0,107.0,5.3,0.0,1.1780972450961724,0.5
391,214.0,182.0,51.0,105.0,2299.0,107.0,6.3,0.0,2.3561944901923453,0.7
392,177.0,199.0,55.0,103.0,2399.0,107.0,7.5,0.0,2.3561944901923453,1.3
393,188.0,223.0,66.0,105.0,2399.0,107.0,9.1,0.0,1.5707963267948966,0.9
394,206.0,255.0,73.0,117.0,2500.0,107.0,10.5,0.0,3.9269908169872414,1.0
395,226.0,270.0,90.0,125.0,2600.0,107.0,12.2,0.0,1.5707963267948966,1.0
396,252.0,309.0,93.0,111.0,2600.0,107.0,13.7,0.0,3.5342917352885173,1.4
397,287.0,339.0,90.0,104.0,2700.0,107.0,14.8,0.0,1.5707963267948966,1.7
398,310.0,355.0,91.0,89.0,2799.0,107.0,15.4,0.0,3.1415926535897927,1.3
399,331.0,374.0,82.0,90.0,2600.0,107.0,15.3,0.0,3.5342917352885173,1.3
400,340.0,374.0,69.0,90.0,2500.0,107.0,15.2,0.0,5.497787143782138,0.4
401,351.0,392.0,68.0,107.0,2600.0,107.0,14.6,0.0,4.712388980384691,0.2
402,370.0,409.0,66.0,125.0,2799.0,107.0,13.1,0.0,4.319689898685965,0.4
403,370.0,410.0,66.0,125.0,2899.0,107.0,11.4,0.0,4.712388980384691,1.2
404,456.0,458.0,53.0,164.0,3399.0,107.0,11.2,0.0,0.7853981633974483,0.6
405,427.0,475.0,55.0,188.0,4000.0,107.0,11.5,0.0,2.3561944901923453,0.9
406,413.0,423.0,66.0,226.0,3700.0,107.0,9.8,0.0,1.9634954084936207,0.9
407,399.0,413.0,67.0,200.0,3500.0,107.0,9.0,0.0,1.5707963267948966,0.0
408,398.0,415.0,57.0,197.0,3700.0,107.0,10.0,0.0,4.319689898685965,1.2
409,458.0,415.0,54.0,176.0,3600.0,107.0,11.9,0.0,0.39269908169872414,1.8
410,416.0,411.0,43.0,148.0,3299.0,107.0,12.5,0.0,1.1780972450961724,1.9
411,108.0,313.0,13.0,27.0,600.0,107.0,11.7,0.0,0.0,1.9
412,28.0,140.0,3.0,6.0,300.0,107.0,10.6,0.0,5.497787143782138,3.3
413,20.0,140.0,3.0,5.0,300.0,107.0,8.9,0.0,4.712388980384691,1.8
414,12.0,55.0,5.0,10.0,300.0,107.0,7.5,0.0,0.0,1.6
415,14.0,55.0,5.0,14.0,400.0,107.0,6.9,0.0,5.497787143782138,1.9
416,3.0,6.0,4.0,18.0,400.0,107.0,7.7,0.0,5.8904862254808625,2.7
417,11.0,6.0,3.0,17.0,400.0,107.0,9.0,0.0,5.497787143782138,2.5
418,10.0,6.0,5.0,14.0,400.0,107.0,9.8,0.0,0.7853981633974483,3.9
419,8.0,6.0,4.0,11.0,400.0,107.0,10.7,0.0,0.7853981633974483,3.6
420,15.0,6.0,3.0,11.0,400.0,107.0,11.1,0.0,0.7853981633974483,3.1
421,6.0,6.0,3.0,8.0,400.0,107.0,11.8,0.0,1.5707963267948966,3.3
422,14.0,6.0,3.0,10.0,400.0,107.0,11.5,0.0,0.7853981633974483,2.2
423,12.0,6.0,3.0,13.0,600.0,107.0,11.2,0.0,1.9634954084936207,1.0
424,16.0,6.0,3.0,15.0,400.0,94.0,10.7,0.0,3.1415926535897927,3.2
425,3.0,6.0,3.0,25.0,500.0,88.0,9.6,0.0,3.5342917352885173,2.7
426,23.0,98.0,3.0,34.0,500.0,84.0,7.1,0.0,3.9269908169872414,3.6
427,72.0,344.0,20.0,50.0,900.0,57.0,5.6,0.0,3.1415926535897927,2.8
428,44.0,88.0,13.0,33.0,700.0,64.0,4.3,0.0,3.5342917352885173,3.9
429,44.0,88.0,13.0,33.0,700.0,58.0,3.4,0.0,3.5342917352885173,2.5
430,42.0,51.0,8.0,40.0,800.0,48.0,2.7,0.0,3.9269908169872414,1.1
431,42.0,51.0,8.0,40.0,800.0,41.0,2.5,0.0,3.1415926535897927,1.5
432,13.0,28.0,7.0,46.0,700.0,45.0,2.3,0.0,1.1780972450961724,1.6
433,9.0,24.0,8.0,41.0,700.0,40.0,2.2,0.0,0.7853981633974483,0.9
434,11.0,21.0,11.0,42.0,800.0,37.0,1.4,0.0,0.7853981633974483,1.5
435,15.0,23.0,12.0,45.0,800.0,32.0,1.0,0.0,0.39269908169872414,1.8
436,41.0,47.0,9.0,48.0,700.0,15.0,0.5,0.0,0.7853981633974483,1.4
437,14.0,26.0,8.0,64.0,700.0,13.0,0.4,0.0,1.1780972450961724,0.7
438,34.0,34.0,6.0,64.0,600.0,13.0,0.6,0.0,1.1780972450961724,1.4
439,17.0,23.0,4.0,62.0,600.0,15.0,1.5,0.0,1.1780972450961724,1.6
440,38.0,40.0,6.0,58.0,800.0,19.0,2.3,0.0,1.1780972450961724,1.8
441,26.0,52.0,6.0,47.0,900.0,26.0,2.4,0.0,0.7853981633974483,1.8
442,39.0,57.0,6.0,53.0,900.0,22.0,2.8,0.0,1.1780972450961724,1.5
443,3.0,44.0,7.0,56.0,1100.0,23.0,2.9,0.0,0.7853981633974483,1.1
444,11.0,6.0,32.0,48.0,800.0,28.0,3.0,0.0,1.1780972450961724,1.5
445,60.0,13.0,6.0,43.0,800.0,36.0,4.1,0.0,0.7853981633974483,1.7
446,64.0,42.0,3.0,43.0,800.0,35.0,4.1,0.0,0.7853981633974483,2.8
447,60.0,61.0,3.0,43.0,800.0,34.0,4.2,0.0,0.39269908169872414,1.8
448,67.0,68.0,3.0,47.0,900.0,31.0,3.9,0.0,0.39269908169872414,2.3
449,64.0,62.0,3.0,42.0,700.0,38.0,2.6,0.6,0.39269908169872414,1.0
450,52.0,49.0,3.0,45.0,800.0,32.0,2.1,0.8,0.7853981633974483,0.7
451,40.0,35.0,3.0,48.0,800.0,27.0,1.2,1.4,2.3561944901923453,0.7
452,45.0,40.0,3.0,63.0,1100.0,13.0,0.8,1.4,1.5707963267948966,0.2
453,54.0,42.0,3.0,74.0,1200.0,3.0,0.5,2.4,0.7853981633974483,0.0
454,49.0,35.0,3.0,76.0,1399.0,2.0,0.4,1.1,3.1415926535897927,0.8
455,49.0,35.0,3.0,77.0,1200.0,9.0,-0.3,0.7,3.9269908169872414,1.6
456,64.0,69.0,3.0,47.0,700.0,18.0,-0.7,1.0,3.5342917352885173,1.5
457,55.0,63.0,3.0,38.0,800.0,26.0,-1.2,1.4,0.0,0.0
458,44.0,45.0,3.0,36.0,1000.0,28.0,-1.2,0.4,0.0,0.0
459,40.0,46.0,6.0,42.0,1100.0,24.0,-1.1,0.5,0.0,0.0
460,40.0,46.0,6.0,42.0,1200.0,22.0,-1.3,0.0,0.0,0.0
461,44.0,56.0,8.0,38.0,1000.0,32.0,-2.3,0.0,0.0,0.0
462,24.0,41.0,3.0,26.0,500.0,48.0,-2.4,0.0,0.0,0.0
463,20.0,6.0,3.0,43.0,800.0,33.0,-0.6,0.0,3.9269908169872414,1.0
464,22.0,22.0,3.0,47.0,900.0,30.0,1.4,0.0,4.319689898685965,1.2
465,76.0,79.0,8.0,48.0,1700.0,26.0,3.2,0.0,4.319689898685965,1.1
466,51.0,27.0,10.0,32.0,1700.0,53.0,2.1,0.0,3.5342917352885173,1.5
467,72.0,81.0,17.0,45.0,1399.0,53.0,3.0,0.0,3.1415926535897927,2.5
468,74.0,82.0,18.0,28.0,1100.0,68.0,4.4,0.0,3.9269908169872414,2.1
469,54.0,40.0,16.0,23.0,800.0,79.0,5.1,0.0,4.319689898685965,2.1
470,51.0,35.0,9.0,21.0,700.0,82.0,5.6,0.0,3.9269908169872414,3.1
471,50.0,37.0,7.0,17.0,600.0,91.0,5.8,0.0,3.5342917352885173,1.8
472,48.0,58.0,15.0,24.0,700.0,80.0,5.5,0.0,3.1415926535897927,3.1
473,52.0,52.0,12.0,24.0,700.0,79.0,4.3,0.0,4.319689898685965,2.1
474,78.0,80.0,10.0,33.0,800.0,67.0,3.6,0.0,3.9269908169872414,1.5
475,82.0,92.0,7.0,48.0,900.0,51.0,3.3,0.0,3.9269908169872414,2.0
476,95.0,103.0,5.0,58.0,1000.0,38.0,3.0,0.0,3.5342917352885173,1.9
477,104.0,117.0,8.0,74.0,1000.0,20.0,2.4,0.0,3.9269908169872414,1.1
478,108.0,129.0,6.0,89.0,1200.0,6.0,2.0,0.0,3.9269908169872414,1.0
479,116.0,130.0,6.0,85.0,1200.0,6.0,1.5,0.0,3.9269908169872414,2.1
480,122.0,140.0,6.0,80.0,1100.0,9.0,1.3,0.0,3.9269908169872414,0.6
481,120.0,135.0,7.0,72.0,1200.0,12.0,0.8,0.0,3.1415926535897927,1.1
482,116.0,135.0,7.0,62.0,1000.0,6.0,0.4,0.0,3.5342917352885173,0.2
483,117.0,125.0,12.0,68.0,900.0,45.0,-0.6,0.0,1.1780972450961724,0.5
484,124.0,135.0,18.0,69.0,700.0,6.0,-1.0,0.0,1.1780972450961724,0.0
485,120.0,122.0,22.0,70.0,1100.0,2.0,-1.1,0.0,0.0,0.0
486,102.0,106.0,20.0,67.0,1100.0,3.0,-1.2,0.0,5.497787143782138,0.6
487,116.0,124.0,18.0,72.0,1800.0,3.0,0.1,0.0,3.9269908169872414,0.4
488,120.0,128.0,16.0,75.0,2000.0,5.0,1.5,0.0,2.3561944901923453,0.8
489,125.0,135.0,16.0,76.0,1899.0,9.0,3.0,0.0,1.5707963267948966,2.9
490,134.0,144.0,17.0,70.0,1800.0,20.0,3.9,0.0,1.5707963267948966,1.8
491,142.0,142.0,23.0,64.0,1399.0,30.0,4.9,0.0,5.8904862254808625,1.1
492,133.0,153.0,29.0,65.0,1300.0,41.0,5.6,0.0,1.5707963267948966,1.6
493,168.0,174.0,31.0,73.0,1399.0,46.0,6.9,0.0,0.0,1.3
494,156.0,188.0,32.0,96.0,1600.0,38.0,7.3,0.0,1.5707963267948966,2.0
495,181.0,199.0,29.0,103.0,1600.0,39.0,7.8,0.0,0.7853981633974483,1.0
496,181.0,199.0,30.0,108.0,1600.0,38.0,7.5,0.0,0.7853981633974483,0.8
497,183.0,207.0,29.0,119.0,1700.0,30.0,7.0,0.0,0.7853981633974483,1.1
498,188.0,217.0,24.0,134.0,1899.0,18.0,6.0,0.0,0.7853981633974483,2.7
499,190.0,217.0,19.0,123.0,1800.0,20.0,5.6,0.0,1.5707963267948966,1.1
500,182.0,202.0,18.0,112.0,1600.0,25.0,5.5,0.0,2.3561944901923453,2.3
501,184.0,196.0,16.0,109.0,1600.0,19.0,5.5,0.0,1.1780972450961724,1.2
502,182.0,187.0,17.0,102.0,1600.0,21.0,5.0,0.0,1.1780972450961724,0.9
503,184.0,200.0,16.0,118.0,1899.0,7.0,5.3,0.0,1.5707963267948966,3.1
504,159.0,169.0,21.0,66.0,1399.0,44.0,4.7,0.0,1.5707963267948966,1.6
505,143.0,143.0,17.0,59.0,1300.0,43.0,4.6,0.0,0.7853981633974483,0.9
506,130.0,165.0,21.0,60.0,1200.0,41.0,4.5,0.0,2.3561944901923453,0.7
507,114.0,116.0,34.0,84.0,1300.0,21.0,5.9,0.0,0.39269908169872414,1.8
508,152.0,164.0,23.0,88.0,900.0,41.0,6.3,0.0,0.39269908169872414,2.5
509,3.0,6.0,6.0,34.0,500.0,56.0,5.0,0.0,1.1780972450961724,1.6
510,3.0,6.0,4.0,36.0,600.0,54.0,4.1,0.0,1.5707963267948966,2.5
511,6.0,8.0,6.0,48.0,800.0,48.0,6.2,0.0,1.5707963267948966,1.6
512,11.0,47.0,7.0,70.0,900.0,31.0,7.6,0.0,0.7853981633974483,1.7
513,126.0,138.0,20.0,83.0,900.0,36.0,8.5,0.0,1.9634954084936207,1.6
514,121.0,133.0,20.0,82.0,700.0,52.0,8.2,0.0,2.748893571891069,2.0
515,117.0,132.0,20.0,81.0,1000.0,54.0,9.3,0.0,2.748893571891069,2.4
516,54.0,122.0,32.0,41.0,1100.0,63.0,9.3,0.0,2.748893571891069,2.9
517,81.0,154.0,31.0,45.0,1300.0,71.0,10.0,0.0,3.1415926535897927,2.7
518,117.0,195.0,29.0,45.0,1300.0,79.0,9.7,0.0,3.5342917352885173,3.7
519,87.0,168.0,22.0,37.0,1000.0,86.0,10.1,0.0,3.9269908169872414,3.3
520,73.0,155.0,22.0,35.0,900.0,86.0,9.7,0.0,3.5342917352885173,2.8
521,75.0,161.0,25.0,39.0,1000.0,90.0,9.1,0.0,3.9269908169872414,1.3
522,79.0,173.0,28.0,46.0,1000.0,84.0,8.3,0.0,3.5342917352885173,1.9
523,86.0,171.0,26.0,59.0,1100.0,70.0,7.5,0.0,3.1415926535897927,2.2
524,67.0,132.0,17.0,57.0,1000.0,60.0,6.8,0.0,3.5342917352885173,1.6
525,64.0,134.0,14.0,65.0,900.0,47.0,5.6,0.0,2.748893571891069,1.7
526,63.0,126.0,11.0,71.0,900.0,30.0,4.8,0.0,2.3561944901923453,2.2
527,53.0,108.0,11.0,79.0,900.0,18.0,3.2,0.0,2.3561944901923453,1.1
528,53.0,96.0,12.0,74.0,900.0,18.0,2.5,0.0,1.9634954084936207,0.6
529,67.0,103.0,14.0,80.0,1300.0,7.0,2.4,0.0,1.5707963267948966,0.7
530,59.0,78.0,17.0,64.0,1000.0,19.0,1.8,0.0,1.5707963267948966,0.9
531,62.0,84.0,17.0,70.0,1200.0,13.0,1.5,0.0,4.712388980384691,0.6
532,67.0,98.0,16.0,81.0,1500.0,2.0,2.1,0.0,3.1415926535897927,0.6
533,68.0,99.0,17.0,81.0,1399.0,2.0,1.7,0.0,1.5707963267948966,0.4
534,73.0,92.0,31.0,69.0,1100.0,5.0,1.3,0.0,1.1780972450961724,1.1
535,78.0,95.0,49.0,75.0,1100.0,3.0,1.8,0.0,0.39269908169872414,0.7
536,66.0,100.0,31.0,76.0,1500.0,5.0,3.0,0.0,1.5707963267948966,1.4
537,68.0,89.0,29.0,72.0,1399.0,11.0,4.2,0.0,2.3561944901923453,1.8
538,65.0,72.0,45.0,66.0,1100.0,27.0,3.5,0.0,0.0,2.6
539,65.0,107.0,40.0,71.0,1500.0,27.0,4.5,0.0,0.39269908169872414,3.1
540,100.0,150.0,39.0,70.0,1899.0,26.0,5.2,0.0,1.1780972450961724,1.6
541,99.0,127.0,40.0,68.0,1600.0,32.0,7.0,0.0,1.1780972450961724,0.9
542,89.0,112.0,44.0,68.0,1500.0,37.0,10.1,0.0,1.5707963267948966,2.4
543,90.0,143.0,38.0,71.0,1500.0,37.0,13.0,0.0,5.105088062083414,5.9
544,56.0,144.0,17.0,41.0,800.0,66.0,12.0,0.0,4.712388980384691,4.0
545,19.0,237.0,4.0,14.0,400.0,92.0,9.9,0.0,4.712388980384691,5.2
546,14.0,197.0,3.0,14.0,400.0,93.0,8.2,0.0,1.1780972450961724,1.1
547,9.0,98.0,3.0,11.0,300.0,91.0,6.2,0.0,1.1780972450961724,1.6
548,6.0,48.0,3.0,16.0,400.0,82.0,5.3,0.0,0.39269908169872414,2.2
549,11.0,37.0,3.0,24.0,400.0,74.0,4.6,0.0,0.7853981633974483,1.4
550,12.0,28.0,3.0,26.0,400.0,74.0,3.9,0.0,0.0,1.7
551,9.0,17.0,3.0,19.0,400.0,79.0,3.4,0.0,0.7853981633974483,2.5
552,5.0,18.0,3.0,14.0,400.0,83.0,2.9,0.0,0.7853981633974483,2.1
553,4.0,14.0,3.0,11.0,400.0,84.0,2.6,0.0,0.39269908169872414,2.2
554,8.0,10.0,3.0,13.0,400.0,80.0,2.3,0.0,0.7853981633974483,0.9
555,6.0,11.0,6.0,10.0,400.0,82.0,2.3,0.0,0.0,1.4
556,3.0,6.0,6.0,9.0,400.0,82.0,2.2,0.0,5.8904862254808625,2.3
557,3.0,6.0,7.0,9.0,400.0,75.0,1.4,0.0,5.8904862254808625,1.2
558,3.0,6.0,5.0,8.0,400.0,86.0,2.1,0.0,5.8904862254808625,1.0
559,5.0,11.0,3.0,12.0,400.0,83.0,4.1,0.0,1.1780972450961724,0.8
560,7.0,13.0,5.0,18.0,500.0,80.0,4.6,0.0,5.105088062083414,1.7
561,4.0,7.0,6.0,15.0,500.0,87.0,5.7,0.0,3.9269908169872414,1.4
562,8.0,15.0,10.0,16.0,500.0,86.0,7.0,0.0,0.7853981633974483,1.4
563,3.0,9.0,9.0,13.0,500.0,87.0,7.5,0.0,0.39269908169872414,1.1
564,3.0,8.0,8.0,10.0,400.0,89.0,8.6,0.0,0.7853981633974483,2.3
565,8.0,11.0,5.0,12.0,400.0,90.0,9.5,0.0,2.3561944901923453,1.1
566,12.0,19.0,4.0,10.0,400.0,94.0,9.2,0.0,1.5707963267948966,1.2
567,20.0,40.0,6.0,20.0,400.0,94.0,9.9,0.0,4.319689898685965,2.3
568,28.0,44.0,6.0,21.0,400.0,103.0,9.0,0.0,3.5342917352885173,1.6
569,29.0,58.0,7.0,26.0,500.0,98.0,7.9,0.0,3.9269908169872414,1.6
570,34.0,68.0,8.0,32.0,500.0,91.0,6.7,0.0,4.319689898685965,2.7
571,44.0,93.0,13.0,41.0,900.0,73.2564,6.0,0.0,4.319689898685965,1.9
572,50.0,106.0,18.0,63.0,900.0,46.2672,5.3,0.0,3.5342917352885173,1.5
573,65.0,150.0,28.0,96.0,900.0,14.5656,4.7,0.0,4.712388980384691,1.7
574,65.0,150.0,28.0,96.0,900.0,8.9964,4.4,0.0,4.712388980384691,0.8
575,89.0,169.0,31.0,98.0,1100.0,7.0,2.7,0.0,0.7853981633974483,0.8
576,80.0,151.0,31.0,99.0,900.0,3.8556,1.1,0.0,0.0,0.5
577,85.0,177.0,28.0,105.0,900.0,3.6414,0.5,0.0,0.0,0.1
578,98.0,196.0,29.0,104.0,900.0,2.7846,0.2,0.0,0.39269908169872414,0.9
579,157.0,197.0,27.132,88.0,900.0,45.0,0.4,0.0,1.5707963267948966,1.1
580,100.0,130.0,28.0,92.0,900.0,5.5692,-0.1,0.0,0.7853981633974483,1.2
581,76.0,113.0,23.0,88.8949,900.0,2.142,-0.6,0.0,1.1780972450961724,1.4
582,76.0,125.0,19.0,89.0,900.0,1.9278,-0.5,0.0,1.1780972450961724,0.9
583,75.0,125.0,18.0,89.0,900.0,2.7846,1.2,0.0,1.9634954084936207,1.8
584,80.0,126.0,30.0,85.0,900.0,6.8544,2.3,0.0,1.1780972450961724,1.8
585,93.0,135.0,52.0,78.0,900.0,16.065,4.0,0.0,1.5707963267948966,1.6
586,101.0,132.0,72.0,78.0,900.0,25.704,5.7,0.0,1.5707963267948966,1.3
587,103.0,121.0,67.0,75.0,900.0,39.8412,7.4,0.0,2.748893571891069,2.8
588,109.0,142.0,64.0,90.0,900.0,40.2696,8.3,0.0,2.3561944901923453,2.9
589,109.0,147.0,48.0,91.0,900.0,48.8376,9.4,0.0,2.748893571891069,3.0
590,122.0,155.0,46.0,88.0,900.0,64.0458,10.6,0.0,4.319689898685965,2.5
591,121.0,141.0,44.0,66.0,900.0,88.6788,10.8,0.0,3.9269908169872414,2.9
592,114.0,142.0,43.0,58.0,1200.0,96.0,10.5,0.0,3.1415926535897927,1.7
593,114.0,142.0,43.0,58.0,1200.0,96.0,9.9,0.0,3.9269908169872414,1.9
594,113.0,165.0,39.0,65.0,1200.0,90.0,9.2,0.0,3.5342917352885173,1.2
595,131.0,203.0,52.0,90.0,1300.0,67.0,8.5,0.0,3.9269908169872414,1.6
596,128.0,214.0,47.0,114.0,1399.0,39.0,7.9,0.0,3.9269908169872414,1.9
597,113.0,188.0,54.0,105.0,1200.0,36.0,6.8,0.0,3.9269908169872414,0.5
598,123.0,200.0,55.0,126.0,1399.0,12.0,5.9,0.0,4.319689898685965,0.9
599,128.0,234.0,55.0,129.0,1399.0,4.0,5.0,0.0,4.319689898685965,0.7
600,133.0,228.0,65.0,121.0,1399.0,4.0,3.6,0.0,4.712388980384691,0.0
601,126.0,198.0,39.0,114.0,1399.0,5.0,3.1,0.0,0.0,0.2
602,122.0,209.0,39.0,113.0,1399.0,4.0,1.3,0.0,0.0,0.0
603,128.0,237.0,27.0,112.0,2100.0,3.0,0.6,0.0,0.0,0.0
604,130.0,207.0,23.0,103.0,2100.0,3.0,0.1,0.0,0.0,0.0
605,116.0,152.0,19.0,90.0,2000.0,2.0,-0.2,0.0,0.0,0.0
606,112.0,144.0,19.0,87.0,2000.0,2.0,-0.2,0.0,0.0,0.0
607,123.0,151.0,26.0,87.0,1899.0,3.0,3.1,0.0,2.3561944901923453,0.9
608,132.0,197.0,30.0,98.0,2799.0,5.0,5.2,0.0,0.0,0.4
609,172.0,254.0,47.0,106.0,2299.0,6.0,6.9,0.0,0.0,1.2
610,186.0,282.0,54.0,117.0,2299.0,7.0,8.3,0.0,5.105088062083414,0.9
611,213.0,292.0,55.0,104.0,2000.0,13.0,9.5,0.0,3.1415926535897927,1.9
612,204.0,249.0,56.0,87.0,1500.0,35.0,10.4,0.0,3.1415926535897927,2.0
613,215.0,253.0,63.0,79.0,1700.0,52.0,12.0,0.0,3.5342917352885173,1.9
614,214.0,246.0,75.0,77.0,1399.0,65.0,12.8,0.0,3.5342917352885173,1.9
615,213.0,261.0,85.0,81.0,1500.0,72.0,13.0,0.0,3.9269908169872414,2.9
616,217.0,268.0,84.0,88.0,1700.0,69.0,13.0,0.0,3.9269908169872414,1.7
617,204.0,263.0,102.0,108.0,1700.0,44.0,12.5,0.0,3.5342917352885173,2.1
618,207.0,282.0,115.0,115.0,2100.0,35.0,11.6,0.0,4.319689898685965,0.8
619,207.0,282.0,115.0,115.0,900.0,19.7064,10.9,0.0,3.5342917352885173,0.7
620,242.0,340.0,113.0,141.0,2899.0,4.0,10.6,0.0,1.1780972450961724,0.9
621,240.0,359.0,90.0,144.0,3000.0,3.0,8.8,0.0,4.712388980384691,0.9
622,242.0,323.0,80.0,145.0,3000.0,2.0,7.6,0.0,4.712388980384691,0.0
623,245.0,355.0,63.0,141.0,3299.0,4.0,6.1,0.0,0.0,0.1
624,246.0,356.0,54.0,142.0,3299.0,2.0,5.8,0.0,0.0,0.0
625,240.0,325.0,35.0,105.0,1899.0,2.0,5.4,0.0,4.319689898685965,0.6
626,151.0,256.0,29.0,92.0,1700.0,2.0,4.9,0.0,4.712388980384691,0.0
627,146.0,264.0,25.0,87.0,1600.0,2.0,3.8,0.0,0.39269908169872414,0.7
628,181.0,250.0,27.0,95.0,2200.0,2.0,3.4,0.0,0.0,0.0
629,215.0,260.0,26.0,96.0,2500.0,2.0,2.9,0.0,0.0,0.0
630,214.0,271.0,25.0,93.0,2700.0,2.0,4.0,0.0,1.5707963267948966,0.7
631,226.0,302.0,21.0,91.0,3500.0,3.0,6.1,0.0,0.7853981633974483,0.7
632,181.0,257.0,20.0,95.0,2299.0,2.0,7.5,0.0,1.1780972450961724,2.5
633,161.0,215.0,20.0,79.0,1500.0,4.0,10.2,0.0,1.5707963267948966,2.6
634,186.0,249.0,24.0,77.0,1600.0,13.0,13.8,0.0,0.7853981633974483,3.0
635,176.0,224.0,41.0,87.0,1600.0,26.0,17.8,0.0,5.8904862254808625,3.0
636,84.0,91.0,27.0,50.0,800.0,66.0,18.2,0.0,5.497787143782138,2.9
637,18.0,64.0,7.0,13.0,300.0,104.0,19.1,0.0,5.105088062083414,4.1
638,18.0,64.0,7.0,13.0,300.0,107.0,18.5,0.0,3.5342917352885173,2.2
639,13.0,62.0,4.0,11.0,300.0,107.0,18.1,0.0,5.105088062083414,3.4
640,12.0,54.0,3.0,10.0,900.0,113.3118,17.3,0.0,0.39269908169872414,3.4
641,9.0,60.0,3.0,8.0,300.0,107.0,15.4,0.0,0.39269908169872414,1.7
642,10.0,42.0,3.0,9.0,300.0,107.0,13.0,0.0,0.39269908169872414,3.9
643,8.0,28.0,3.0,21.0,400.0,99.0,11.7,0.0,1.1780972450961724,2.6
644,10.0,33.0,3.0,16.0,400.0,101.0,10.8,0.0,1.1780972450961724,1.9
645,8.0,23.0,3.0,15.0,300.0,100.0,10.1,0.0,0.7853981633974483,1.6
646,11.0,18.0,3.0,19.0,300.0,91.0,9.6,0.0,1.1780972450961724,2.0
647,11.0,18.0,3.0,19.0,400.0,88.0,8.4,0.0,0.7853981633974483,2.1
648,10.0,21.0,3.0,20.0,300.0,87.0,7.5,0.0,0.7853981633974483,3.1
649,10.0,22.0,4.0,20.0,300.0,83.0,6.4,0.0,1.1780972450961724,2.1
650,10.0,30.0,8.0,29.0,400.0,73.0,5.6,0.0,1.1780972450961724,2.1
651,8.0,25.0,3.0,25.0,300.0,76.0,5.1,0.0,0.39269908169872414,1.1
652,8.0,25.0,4.0,25.0,300.0,73.0,4.5,0.0,0.7853981633974483,1.4
653,9.0,18.0,6.0,24.0,300.0,73.0,4.6,0.0,0.39269908169872414,0.9
654,8.0,18.0,4.0,25.0,400.0,73.0,4.6,0.0,5.8904862254808625,1.4
655,8.0,22.0,8.0,37.0,500.0,63.0,5.7,0.0,0.7853981633974483,0.5
656,7.0,23.0,7.0,47.0,700.0,54.0,6.7,0.0,1.9634954084936207,1.3
657,7.0,23.0,7.0,47.0,500.0,62.0,7.5,0.0,3.1415926535897927,0.8
658,10.0,21.0,9.0,41.0,600.0,66.0,9.4,0.0,2.3561944901923453,1.1
659,18.0,29.0,7.0,37.0,500.0,70.0,9.3,0.0,1.9634954084936207,2.2
660,17.0,36.0,7.0,31.0,500.0,76.0,10.2,0.0,4.712388980384691,5.7
661,14.0,61.0,8.0,22.0,400.0,90.0,11.3,0.0,4.712388980384691,3.5
662,13.0,29.0,8.0,12.0,400.0,105.0,12.6,0.0,5.105088062083414,2.0
663,12.0,15.0,8.0,12.0,400.0,107.0,13.6,0.0,4.319689898685965,3.2
664,14.0,21.0,10.0,15.0,400.0,106.0,13.7,0.0,4.712388980384691,3.0
665,10.0,17.0,7.0,15.0,400.0,107.0,11.7,0.0,3.9269908169872414,1.1
666,10.0,17.0,7.0,15.0,600.0,97.0,9.4,0.0,4.319689898685965,1.6
667,89.0,189.0,18.0,50.0,1000.0,76.0,8.6,0.0,4.712388980384691,2.0
668,103.0,168.0,22.0,59.0,1200.0,66.0,7.7,0.0,4.319689898685965,1.3
669,105.0,172.0,23.0,72.0,1200.0,50.0,6.7,0.0,5.8904862254808625,1.1
670,102.0,156.0,22.0,83.0,1300.0,38.0,5.7,0.0,5.105088062083414,1.0
671,114.0,156.0,22.0,83.0,1600.0,4.0,4.2,0.0,4.319689898685965,0.1
672,87.0,158.0,23.0,122.0,1500.0,4.0,3.2,0.0,1.5707963267948966,0.8
673,56.0,88.0,14.0,102.0,1399.0,5.0,4.2,0.0,5.8904862254808625,0.9
674,58.0,89.0,15.0,91.0,1000.0,2.0,2.6,0.0,5.8904862254808625,0.0
675,44.0,129.0,15.0,97.0,900.0,45.0,2.6,0.0,2.3561944901923453,0.6
676,37.0,97.0,15.0,98.0,800.0,7.0,4.2,0.0,0.39269908169872414,1.9
677,37.0,97.0,15.0,82.0,1000.0,7.0,3.4,0.0,1.5707963267948966,1.1
678,26.0,64.0,12.0,82.0,1200.0,5.0,3.6,0.0,1.5707963267948966,0.7
679,69.0,117.0,21.0,88.0,1300.0,8.0,5.1,0.0,1.1780972450961724,0.9
680,64.0,112.0,27.0,82.0,1300.0,15.0,6.0,0.0,0.0,1.1
681,68.0,123.0,35.0,84.0,1600.0,18.0,7.4,0.0,0.7853981633974483,2.0
682,69.0,123.0,35.0,85.0,900.0,20.7774,8.3,0.0,1.1780972450961724,2.2
683,64.0,87.0,44.0,76.0,1899.0,38.0,9.4,0.0,1.5707963267948966,2.0
684,61.0,92.0,38.0,65.0,1800.0,56.0,9.3,0.0,1.9634954084936207,1.8
685,71.0,102.0,37.0,62.0,1600.0,65.0,9.5,0.0,0.39269908169872414,0.8
686,86.0,130.0,42.0,71.0,1800.0,62.0,9.7,0.0,2.748893571891069,0.8
687,106.0,147.0,42.0,86.0,1899.0,59.0,9.8,0.0,4.712388980384691,1.9
688,90.0,140.0,32.0,71.0,1399.0,75.0,9.8,0.0,4.712388980384691,1.1
689,69.0,94.0,27.0,49.0,800.0,94.0,9.6,0.0,1.1780972450961724,1.1
690,67.0,90.0,26.0,58.0,1000.0,81.0,8.8,0.0,0.7853981633974483,1.5
691,84.0,134.0,32.0,101.0,1200.0,37.0,7.8,0.0,1.5707963267948966,2.6
692,94.0,164.0,38.0,120.0,1399.0,16.0,6.0,0.0,1.9634954084936207,2.1
693,70.0,181.0,37.0,96.0,1100.0,18.0,5.3,0.0,1.5707963267948966,1.4
694,60.0,109.0,37.0,90.0,1100.0,18.0,5.2,0.0,1.5707963267948966,1.7
695,54.0,92.0,40.0,90.0,1000.0,17.0,5.0,0.0,1.1780972450961724,1.3
696,54.0,92.0,40.0,90.0,1200.0,24.0,4.5,0.0,1.5707963267948966,1.8
697,46.0,72.0,46.0,66.0,900.0,26.0,4.3,0.0,1.5707963267948966,1.4
698,49.0,61.0,38.0,57.0,800.0,32.0,3.8,0.0,0.39269908169872414,1.6
699,49.0,66.0,40.0,60.0,1100.0,29.0,3.3,0.0,1.1780972450961724,0.7
700,60.0,96.0,44.0,83.0,2000.0,7.0,2.9,0.0,2.748893571891069,0.6
701,26.0,99.0,53.0,77.0,2100.0,10.0,2.7,0.0,0.39269908169872414,1.1
702,38.0,105.0,71.0,88.0,2399.0,6.0,2.7,0.0,0.39269908169872414,0.0
703,33.0,98.0,68.0,80.0,2399.0,18.0,4.4,0.0,1.1780972450961724,0.6
704,31.0,88.0,70.0,71.0,2399.0,32.0,5.9,0.0,0.7853981633974483,1.4
705,35.0,103.0,77.0,61.0,2399.0,48.0,6.6,0.0,0.39269908169872414,1.6
706,38.0,119.0,81.0,61.0,2399.0,52.0,8.0,0.0,0.39269908169872414,1.8
707,38.0,119.0,81.0,61.0,2399.0,52.0,9.2,0.0,1.1780972450961724,1.1
708,43.0,128.0,74.0,72.0,2299.0,59.0,10.0,0.0,1.5707963267948966,2.1
709,50.0,135.0,68.0,68.0,2100.0,72.0,10.6,0.0,1.9634954084936207,2.4
710,98.0,129.0,63.0,57.0,1800.0,92.0,10.7,0.0,2.748893571891069,1.5
711,98.0,129.0,63.0,57.0,1700.0,102.0,10.5,0.0,3.5342917352885173,3.1
712,101.0,131.0,47.0,44.0,1300.0,104.0,10.1,0.0,3.1415926535897927,1.7
713,90.0,112.0,35.0,39.0,800.0,103.0,9.2,0.0,2.748893571891069,2.1
714,86.0,106.0,30.0,44.0,700.0,96.0,8.0,0.0,2.3561944901923453,2.2
715,86.0,104.0,24.0,58.0,800.0,77.0,7.1,0.0,2.3561944901923453,2.5
716,99.0,122.0,21.0,74.0,800.0,48.0,6.2,0.0,2.748893571891069,1.8
717,99.0,122.0,21.0,74.0,800.0,41.0,5.5,0.0,3.1415926535897927,1.2
718,102.0,102.0,17.0,70.0,900.0,38.0,5.2,0.0,3.1415926535897927,1.9
719,108.0,118.0,15.0,97.0,1000.0,10.0,4.8,0.0,3.1415926535897927,1.8
720,104.0,112.0,17.0,89.0,1100.0,9.0,4.7,0.0,4.319689898685965,1.0
721,112.0,126.0,20.0,96.0,1300.0,2.0,4.6,0.0,3.1415926535897927,1.2
722,114.0,121.0,21.0,92.0,1399.0,2.0,4.5,0.0,2.3561944901923453,1.6
723,117.0,123.0,22.0,86.0,1500.0,3.0,4.4,0.0,3.1415926535897927,0.5
724,124.0,132.0,22.0,80.0,1500.0,4.0,4.5,0.0,3.9269908169872414,0.8
725,132.0,143.0,21.0,78.0,1500.0,4.0,4.4,0.0,3.1415926535897927,1.0
726,127.0,139.0,20.0,73.0,1399.0,4.0,4.2,0.0,2.748893571891069,1.3
727,136.0,148.0,19.0,72.0,1399.0,4.0,4.3,0.0,3.1415926535897927,1.2
728,136.0,148.0,19.0,72.0,1300.0,5.0,4.8,0.0,3.1415926535897927,1.0
729,153.0,175.0,16.0,70.0,1300.0,5.0,5.3,0.0,2.3561944901923453,1.3
730,153.0,175.0,16.0,70.0,1300.0,6.0,5.8,0.0,3.9269908169872414,1.1
731,175.0,202.0,18.0,74.0,1500.0,9.0,5.9,0.0,1.5707963267948966,0.9
732,200.0,219.0,21.0,76.0,1500.0,14.0,6.6,0.0,0.39269908169872414,1.7
733,190.0,225.0,20.0,77.0,1600.0,12.0,6.1,0.0,0.0,1.6
734,204.0,252.0,17.0,82.0,1600.0,9.0,6.1,0.0,0.7853981633974483,1.4
735,213.0,255.0,14.0,81.0,1500.0,8.0,6.5,0.0,0.0,1.5
736,211.0,245.0,15.0,80.0,1399.0,10.0,6.5,0.0,0.7853981633974483,1.5
737,212.0,244.0,19.0,85.0,1399.0,9.0,6.3,0.0,0.7853981633974483,1.2
738,212.0,244.0,19.0,85.0,1600.0,5.0,6.1,0.0,0.39269908169872414,1.6
739,220.0,263.0,16.0,91.0,1700.0,2.0,5.9,0.0,0.7853981633974483,0.1
740,223.0,256.0,18.0,101.0,1700.0,2.0,6.2,0.0,0.0,0.0
741,228.0,269.0,17.0,98.0,1899.0,2.0,6.9,0.0,0.7853981633974483,1.5
742,231.0,260.0,21.0,101.0,1899.0,2.0,7.4,0.0,0.7853981633974483,1.8
743,226.0,244.0,36.0,99.0,2100.0,3.0,7.5,0.0,1.1780972450961724,0.6
744,227.0,243.0,50.0,92.0,2399.0,8.0,7.4,0.0,0.7853981633974483,0.8
745,232.0,248.0,63.0,98.0,2700.0,6.0,7.2,0.0,1.9634954084936207,0.8
746,232.0,249.0,64.0,99.0,900.0,8.568,7.1,0.0,1.5707963267948966,0.8
747,238.0,240.0,65.0,95.0,2700.0,4.0,6.0,0.0,1.5707963267948966,1.0
748,238.0,240.0,65.0,95.0,2600.0,2.0,4.8,0.0,4.712388980384691,0.8
749,233.0,252.0,40.0,96.0,2700.0,2.0,4.1,0.0,5.497787143782138,0.2
750,233.0,252.0,40.0,96.0,3100.0,3.0,10.1,0.0,5.105088062083414,2.9
751,226.0,245.0,33.0,97.0,3200.0,4.0,12.1,0.0,4.712388980384691,5.5
752,39.0,17.0,21.0,37.0,800.0,61.0,12.3,0.0,4.712388980384691,5.2
753,12.0,64.0,17.0,19.0,300.0,77.0,12.3,0.0,5.497787143782138,1.6
754,18.0,116.0,17.0,14.0,300.0,76.0,12.4,0.0,0.0,3.5
755,16.0,30.0,11.0,13.0,400.0,76.0,14.8,0.0,0.0,3.3
756,23.0,44.0,11.0,14.0,500.0,88.0,15.3,0.0,0.39269908169872414,4.9
757,40.0,268.0,12.0,12.0,500.0,107.0,16.3,0.0,5.8904862254808625,3.5
758,27.0,92.0,8.0,10.0,500.0,107.0,16.6,0.0,5.497787143782138,4.1
759,28.0,83.0,7.0,11.0,500.0,107.0,16.5,0.0,5.105088062083414,3.1
760,28.0,83.0,7.0,11.0,500.0,107.0,16.1,0.0,0.39269908169872414,1.8
761,24.0,59.0,7.0,14.0,500.0,107.0,14.7,0.0,0.0,2.1
762,20.0,21.0,5.0,16.0,600.0,107.0,13.2,0.0,0.0,2.1
763,24.0,35.0,4.0,19.0,600.0,104.0,12.4,0.0,1.5707963267948966,1.0
764,25.0,28.0,3.0,44.0,500.0,75.0,11.0,0.0,0.7853981633974483,1.2
765,32.0,43.0,4.0,66.0,700.0,46.0,10.1,0.0,0.39269908169872414,1.0
766,18.0,21.0,4.0,50.0,600.0,55.0,8.7,0.0,0.7853981633974483,1.5
767,18.0,21.0,4.0,50.0,500.0,55.0,7.7,0.0,1.1780972450961724,1.7
768,12.0,12.0,3.0,31.0,400.0,72.0,6.6,0.0,0.7853981633974483,1.1
769,15.0,30.0,3.0,81.0,600.0,23.0,4.2,0.0,4.712388980384691,1.0
770,20.0,61.0,4.0,77.0,600.0,10.0,3.1,0.0,4.712388980384691,0.7
771,20.0,61.0,12.0,77.0,900.0,45.0,2.1,0.0,2.3561944901923453,0.8
772,41.0,81.0,11.0,97.0,700.0,7.0,2.2,0.0,1.9634954084936207,0.0
773,70.0,178.0,18.0,96.0,1399.0,2.0,1.8,0.0,1.5707963267948966,0.4
774,86.0,179.0,23.0,92.0,1800.0,2.0,2.9,0.0,5.105088062083414,0.5
775,46.0,40.0,20.0,80.0,1399.0,4.0,6.7,0.0,0.7853981633974483,0.9
776,37.0,91.0,28.0,72.0,1300.0,12.0,9.1,0.0,2.3561944901923453,1.0
777,37.0,91.0,28.0,72.0,1500.0,22.0,10.5,0.0,3.9269908169872414,1.4
778,149.0,242.0,51.0,87.0,900.0,34.0578,12.4,0.0,3.9269908169872414,2.5
779,161.0,169.0,60.0,62.0,1899.0,72.0,14.3,0.0,3.1415926535897927,3.0
780,139.0,141.0,47.0,51.0,1600.0,102.0,15.6,0.0,3.9269908169872414,1.9
781,134.0,152.0,38.0,41.0,1500.0,107.0,17.4,0.0,3.9269908169872414,1.9
782,144.0,177.0,39.0,35.0,1500.0,107.0,18.8,0.0,3.9269908169872414,2.7
783,130.0,159.0,38.0,34.0,1200.0,152.0,18.7,0.0,4.319689898685965,2.6
784,124.0,214.0,48.0,39.0,1300.0,155.0,18.0,0.0,3.9269908169872414,2.2
785,140.0,240.0,60.0,46.0,1600.0,155.0,17.1,0.0,3.5342917352885173,2.1
786,130.0,205.0,61.0,53.0,1399.0,129.0,15.7,0.0,3.9269908169872414,1.5
787,110.0,188.0,53.0,65.0,1200.0,100.0,14.7,0.0,4.319689898685965,1.3
788,114.0,193.0,62.0,80.0,1100.0,81.0,13.3,0.0,4.319689898685965,0.0
789,114.0,193.0,62.0,80.0,1100.0,52.0,12.1,0.0,5.497787143782138,0.5
790,126.0,204.0,75.0,94.0,1300.0,22.0,11.3,0.0,0.39269908169872414,1.1
791,138.0,236.0,52.0,118.0,1500.0,6.0,9.3,0.0,0.39269908169872414,0.1
792,138.0,236.0,52.0,138.0,1899.0,4.0,7.5,0.0,5.105088062083414,0.0
793,146.0,234.0,36.0,128.0,2299.0,3.0,6.4,0.0,0.0,0.0
794,146.0,234.0,36.0,128.0,1899.0,12.0,5.9,0.0,0.0,0.8
795,145.0,186.0,30.0,117.0,2000.0,4.0,5.5,0.0,2.748893571891069,0.4
796,145.0,186.0,30.0,117.0,2299.0,5.0,5.0,0.0,3.5342917352885173,0.0
797,136.0,172.0,23.0,110.0,2500.0,3.0,4.4,0.0,4.712388980384691,0.4
798,135.0,177.0,26.0,118.0,2399.0,3.0,7.9,0.0,5.497787143782138,0.4
799,138.0,196.0,30.0,115.0,2200.0,4.0,11.1,0.0,1.5707963267948966,1.5
800,142.0,220.0,43.0,92.0,1700.0,28.0,12.7,0.0,1.5707963267948966,1.9
801,141.0,219.0,42.0,92.0,1600.0,42.0,15.3,0.0,1.5707963267948966,2.1
802,135.0,192.0,43.0,96.0,1899.0,55.0,17.8,0.0,1.1780972450961724,2.0
803,135.0,192.0,43.0,96.0,1300.0,76.0,18.8,0.0,1.1780972450961724,2.8
804,114.0,194.0,31.0,66.0,1100.0,104.0,18.9,0.0,2.3561944901923453,3.9
805,145.0,213.0,45.0,54.0,1300.0,148.0,19.3,0.0,1.9634954084936207,3.3
806,168.0,251.0,54.0,56.0,1700.0,155.0,17.9,0.0,1.9634954084936207,4.8
807,203.0,323.0,88.0,80.0,3200.0,140.0,16.6,0.0,2.3561944901923453,4.8
808,178.0,334.0,74.0,65.0,2399.0,134.0,15.4,0.0,2.3561944901923453,3.9
809,113.0,210.0,46.0,48.0,1300.0,121.0,13.9,0.0,2.748893571891069,2.1
810,113.0,210.0,46.0,48.0,1000.0,105.0,12.7,0.0,2.748893571891069,1.5
811,57.0,151.0,17.0,52.0,900.0,89.0,11.6,0.0,4.319689898685965,1.9
812,46.0,120.0,12.0,61.0,800.0,63.0,10.7,0.0,3.5342917352885173,0.6
813,47.0,116.0,12.0,70.0,700.0,50.0,10.1,0.0,4.319689898685965,1.1
814,47.0,116.0,12.0,70.0,700.0,54.0,9.2,0.0,4.712388980384691,0.9
815,38.0,57.0,11.0,52.0,700.0,57.0,8.2,0.0,4.712388980384691,0.0
816,38.0,57.0,11.0,52.0,700.0,31.0,8.6,0.0,0.0,0.0
817,37.0,102.0,17.0,92.0,800.0,24.0,8.5,0.0,3.1415926535897927,0.4
818,33.0,60.0,16.0,63.0,700.0,47.0,8.9,0.0,1.9634954084936207,1.2
819,28.0,41.0,22.0,48.0,800.0,64.0,8.8,0.0,3.1415926535897927,1.1
820,27.0,31.0,29.0,36.0,1000.0,71.0,7.9,0.0,3.9269908169872414,0.9
821,27.0,31.0,29.0,36.0,900.0,71.0,7.9,0.0,4.712388980384691,1.5
822,33.0,66.0,25.0,51.0,900.0,59.0,8.3,0.0,4.319689898685965,1.4
823,33.0,58.0,29.0,46.0,1300.0,65.0,8.7,0.0,3.9269908169872414,1.4
824,39.0,71.0,39.0,55.0,1500.0,58.0,9.1,0.0,4.319689898685965,1.5
825,48.0,103.0,58.0,66.0,1800.0,49.0,9.2,0.0,4.712388980384691,1.3
826,61.0,113.0,75.0,76.0,2100.0,42.0,9.5,0.0,3.9269908169872414,0.7
827,60.0,114.0,78.0,80.0,2200.0,38.0,10.0,0.0,5.8904862254808625,1.0
828,65.0,114.0,78.0,83.0,2200.0,38.0,10.1,0.0,2.3561944901923453,0.4
829,65.0,114.0,78.0,83.0,2299.0,34.0,10.4,0.0,0.39269908169872414,1.3
830,80.0,142.0,81.0,101.0,2700.0,27.0,8.2,0.0,0.7853981633974483,2.9
831,78.0,155.0,73.0,104.0,2600.0,24.0,7.1,0.1,1.1780972450961724,1.8
832,73.0,159.0,38.0,107.0,2299.0,13.0,5.9,0.9,4.712388980384691,0.8
833,76.0,121.0,21.0,106.0,2399.0,11.0,5.9,0.7,1.1780972450961724,0.8
834,76.0,121.0,21.0,106.0,2500.0,5.0,5.8,1.2,0.7853981633974483,0.4
835,84.0,98.0,16.0,110.0,2600.0,3.0,5.7,2.2,1.1780972450961724,0.6
836,86.0,97.0,16.0,110.0,2700.0,2.0,5.8,0.9,1.1780972450961724,1.6
837,86.0,97.0,16.0,110.0,2600.0,2.0,6.1,0.1,1.1780972450961724,1.3
838,84.0,97.0,18.0,97.0,2399.0,8.0,6.2,0.4,1.1780972450961724,0.0
839,89.0,99.0,17.0,81.0,2100.0,17.0,6.1,1.0,1.1780972450961724,0.1
840,89.0,99.0,17.0,81.0,1899.0,18.0,6.2,0.5,5.8904862254808625,0.6
841,90.0,97.0,16.0,76.0,1899.0,17.0,6.3,0.2,1.9634954084936207,0.7
842,88.0,96.0,14.0,80.0,1800.0,11.0,6.3,0.2,1.5707963267948966,0.6
843,88.0,96.0,14.0,80.0,1800.0,9.0,6.2,0.8,1.9634954084936207,0.5
844,112.0,84.0,13.0,77.0,1899.0,9.0,6.2,0.3,3.9269908169872414,0.8
845,110.0,78.0,11.0,71.0,1899.0,7.0,6.2,0.0,4.319689898685965,0.0
846,110.0,80.0,11.0,71.0,2100.0,6.0,6.4,0.0,1.5707963267948966,0.8
847,105.0,82.0,11.0,61.0,2100.0,8.0,7.1,0.0,1.1780972450961724,0.9
848,91.0,95.0,12.0,74.0,2200.0,6.0,8.2,0.0,2.748893571891069,1.0
849,102.0,108.0,14.0,75.0,2200.0,10.0,9.9,0.0,1.5707963267948966,0.7
850,102.0,108.0,14.0,75.0,2100.0,14.0,12.5,0.0,4.712388980384691,2.0
851,115.0,116.0,18.0,74.0,600.0,62.0,12.8,0.0,4.712388980384691,4.5
852,3.0,6.0,11.0,20.0,400.0,73.0,12.6,0.0,4.712388980384691,3.1
853,3.0,6.0,11.0,20.0,300.0,82.0,13.3,0.0,5.105088062083414,3.3
854,15.0,15.0,8.0,16.0,300.0,83.0,13.0,0.0,5.105088062083414,4.1
855,15.0,6.0,7.0,16.0,300.0,86.0,11.1,0.0,0.0,3.6
856,13.0,30.0,4.0,14.0,300.0,86.0,10.5,0.0,4.712388980384691,2.9
857,13.0,30.0,4.0,14.0,200.0,82.0,10.1,0.0,0.0,2.7
858,18.0,41.0,3.0,11.0,300.0,84.0,9.1,0.0,0.0,3.3
859,3.0,8.0,3.0,15.0,300.0,87.0,8.0,0.0,0.39269908169872414,2.2
860,11.0,9.0,3.0,11.0,200.0,92.0,7.2,0.0,0.0,2.7
861,11.0,6.0,3.0,11.0,200.0,96.0,6.7,0.0,3.9269908169872414,1.6
862,3.0,6.0,3.0,8.0,200.0,94.0,6.1,0.0,1.1780972450961724,0.5
863,3.0,6.0,3.0,9.0,300.0,89.0,5.8,0.0,0.39269908169872414,1.4
864,3.0,6.0,3.0,11.0,300.0,85.0,4.0,0.0,1.1780972450961724,0.6
865,3.0,6.0,3.0,14.0,200.0,86.0,2.9,0.0,1.5707963267948966,0.0
866,3.0,6.0,3.0,10.0,300.0,32.0,1.8,0.0,4.712388980384691,0.7
867,9.0,20.0,3.0,36.0,900.0,45.0,1.0,0.0,1.5707963267948966,1.0
868,8.0,14.0,3.0,40.0,400.0,21.0,0.4,0.0,0.0,0.5
869,10.0,23.0,3.0,72.0,800.0,11.0,-0.1,0.0,4.712388980384691,1.0
870,13.0,19.0,4.0,72.0,1000.0,4.0,2.2,0.0,5.497787143782138,0.1
871,15.0,36.0,5.0,83.0,1300.0,6.0,6.5,0.0,4.319689898685965,0.5
872,22.0,52.0,6.0,79.0,800.0,25.0,8.7,0.0,0.39269908169872414,1.0
873,11.0,14.0,9.0,65.0,600.0,53.0,10.4,0.0,3.1415926535897927,0.8
874,13.0,18.0,10.0,46.0,400.0,74.0,10.8,0.0,0.7853981633974483,3.4
875,4.0,6.0,8.0,25.0,400.0,93.0,12.0,0.0,5.105088062083414,1.9
876,17.0,18.0,10.0,14.0,300.0,99.0,12.5,0.0,0.7853981633974483,2.5
877,3.0,6.0,3.0,8.0,400.0,99.0,13.8,0.0,4.319689898685965,1.8
878,11.0,12.0,5.0,9.0,400.0,100.0,14.5,0.0,3.9269908169872414,1.5
879,3.0,6.0,7.0,11.0,400.0,101.0,15.2,0.0,0.0,1.6
880,3.0,12.0,8.0,13.0,300.0,105.0,14.9,0.0,0.7853981633974483,2.0
881,14.0,12.0,5.0,11.0,300.0,106.0,14.0,0.0,3.5342917352885173,1.4
882,3.0,12.0,5.0,11.0,400.0,100.0,12.4,0.0,3.1415926535897927,1.2
883,20.0,48.0,5.0,21.0,400.0,88.0,11.2,0.0,3.5342917352885173,0.9
884,25.0,67.0,6.0,32.0,500.0,64.0,10.4,0.0,3.9269908169872414,1.8
885,40.0,111.0,20.0,56.0,500.0,58.0,9.4,0.0,3.5342917352885173,1.2
886,40.0,104.0,20.0,56.0,600.0,41.0,8.4,0.0,3.1415926535897927,1.1
887,52.0,104.0,16.0,69.0,700.0,15.0,7.8,0.0,3.1415926535897927,1.1
888,52.0,132.0,18.0,95.0,700.0,5.0,6.7,0.0,3.5342917352885173,0.2
889,64.0,149.0,20.0,103.0,800.0,8.0,4.9,0.0,0.7853981633974483,0.0
890,59.0,117.0,18.0,91.0,700.0,5.0,3.7,0.0,0.0,0.1
891,68.0,124.0,18.0,91.0,800.0,4.0,2.6,0.0,0.0,0.0
892,68.0,124.0,18.0,91.0,800.0,3.0,2.1,0.0,1.5707963267948966,0.5
893,74.0,137.0,19.0,91.0,1200.0,3.0,3.4,0.0,0.7853981633974483,2.1
894,77.0,162.0,16.0,93.0,1200.0,2.0,3.5,0.0,1.1780972450961724,2.1
895,65.0,130.0,11.0,91.0,2799.0,3.0,4.4,0.0,0.7853981633974483,1.6
896,86.0,139.0,18.0,88.0,2899.0,7.0,6.0,0.0,1.1780972450961724,2.1
897,92.0,138.0,23.0,81.0,2399.0,19.0,7.1,0.0,1.5707963267948966,2.3
898,79.0,109.0,26.0,73.0,2200.0,28.0,8.9,0.0,1.9634954084936207,3.5
899,95.0,123.0,34.0,74.0,1700.0,43.0,9.5,0.0,0.39269908169872414,1.4
900,93.0,117.0,41.0,72.0,1600.0,48.0,11.5,0.0,1.9634954084936207,0.8
901,99.0,113.0,43.0,74.0,1399.0,58.0,13.6,0.0,1.9634954084936207,1.3
902,107.0,119.0,43.0,70.0,1200.0,75.0,14.5,0.0,1.5707963267948966,1.2
903,128.0,129.0,48.0,72.0,1200.0,85.0,15.1,0.0,3.1415926535897927,1.3
904,134.0,144.0,54.0,72.0,1300.0,90.0,14.7,0.0,2.3561944901923453,1.6
905,127.0,141.0,55.0,72.0,1200.0,90.0,14.4,0.0,1.9634954084936207,1.5
906,133.0,154.0,57.0,79.0,1300.0,76.0,12.7,0.0,0.7853981633974483,2.3
907,109.0,219.0,39.0,106.0,1200.0,35.0,12.0,0.0,0.7853981633974483,1.8
908,92.0,151.0,37.0,86.0,1000.0,45.0,11.9,0.0,0.7853981633974483,1.6
909,94.0,156.0,40.0,79.0,1000.0,45.0,10.7,0.0,5.8904862254808625,1.9
910,76.0,132.0,24.0,43.0,800.0,65.0,9.7,0.0,1.5707963267948966,1.0
911,76.0,132.0,24.0,43.0,700.0,48.0,8.5,0.0,0.39269908169872414,0.7
912,61.0,74.0,12.0,50.0,900.0,26.0,7.8,0.0,0.7853981633974483,0.6
913,61.0,79.0,10.0,72.0,900.0,19.0,7.3,0.0,3.1415926535897927,0.8
914,60.0,70.0,8.0,76.0,900.0,15.0,9.6,0.0,4.712388980384691,3.9
915,59.0,63.0,7.0,77.0,500.0,68.0,8.8,0.0,5.105088062083414,3.6
916,46.0,235.0,11.0,31.0,300.0,89.0,8.3,0.0,5.105088062083414,3.4
917,39.0,236.0,9.0,12.0,300.0,88.0,7.9,0.0,5.105088062083414,1.7
918,35.0,153.0,7.0,12.0,400.0,95.0,7.6,0.0,4.712388980384691,1.9
919,29.0,104.0,5.0,9.0,400.0,92.0,7.9,0.0,4.712388980384691,5.1
920,17.0,104.0,6.0,13.0,400.0,92.0,8.4,0.0,5.105088062083414,5.6
921,16.0,104.0,5.0,13.0,400.0,91.0,9.7,0.0,4.712388980384691,3.5
922,18.0,126.0,4.0,14.0,400.0,96.0,10.2,0.0,4.712388980384691,6.5
923,18.0,159.0,4.0,10.0,300.0,98.0,11.1,0.0,4.712388980384691,5.4
924,16.0,110.0,5.0,11.0,300.0,98.0,11.6,0.0,4.712388980384691,5.9
925,16.0,109.0,5.0,10.0,300.0,98.0,11.6,0.0,5.105088062083414,2.1
926,15.0,100.0,3.0,9.0,300.0,98.0,12.1,0.0,4.712388980384691,4.0
927,14.0,90.0,3.0,9.0,300.0,98.0,12.1,0.0,4.712388980384691,7.1
928,8.0,149.0,3.0,14.0,300.0,93.0,10.8,0.0,5.8904862254808625,3.0
929,8.0,149.0,3.0,14.0,300.0,92.0,10.3,0.0,4.712388980384691,2.2
930,19.0,152.0,3.0,14.0,400.0,89.0,9.3,0.0,4.712388980384691,3.2
931,19.0,170.0,3.0,16.0,400.0,88.0,9.0,0.0,5.105088062083414,7.4
932,20.0,177.0,3.0,18.0,400.0,89.0,8.5,0.0,4.712388980384691,4.3
933,18.0,150.0,7.0,16.0,400.0,92.0,8.2,0.0,4.712388980384691,5.1
934,18.0,141.0,6.0,14.0,400.0,88.0,7.8,0.0,5.105088062083414,3.8
935,20.0,197.0,12.0,15.0,400.0,90.0,7.5,0.0,4.712388980384691,6.3
936,12.0,79.0,8.0,13.0,300.0,96.0,7.1,0.0,4.712388980384691,6.6
937,12.0,99.0,4.0,8.0,300.0,97.0,6.6,0.0,5.105088062083414,4.9
938,13.0,103.0,8.0,8.0,300.0,97.0,6.5,0.0,4.712388980384691,3.7
939,12.0,56.0,10.0,9.0,300.0,98.0,6.5,0.0,4.712388980384691,4.0
940,12.0,21.0,4.0,7.0,300.0,99.0,6.4,0.0,5.105088062083414,3.7
941,8.0,19.0,3.0,5.0,400.0,100.0,5.9,0.0,4.712388980384691,2.3
942,12.0,15.0,3.0,6.0,400.0,98.0,6.4,0.0,5.105088062083414,2.6
943,9.0,20.0,4.0,9.0,400.0,96.0,7.4,0.0,0.0,3.6
944,11.0,25.0,4.0,10.0,500.0,93.0,8.1,0.0,5.105088062083414,3.8
945,6.0,19.0,4.0,14.0,400.0,98.0,8.8,0.0,4.712388980384691,4.5
946,7.0,36.0,3.0,12.0,400.0,90.0,9.5,0.0,5.105088062083414,4.9
947,11.0,24.0,7.0,15.0,400.0,94.0,10.7,0.0,4.712388980384691,2.5
948,11.0,24.0,7.0,15.0,400.0,97.0,10.9,0.0,4.712388980384691,3.1
949,15.0,22.0,9.0,14.0,400.0,103.0,10.8,0.0,4.712388980384691,2.6
950,16.0,29.0,5.0,14.0,400.0,104.0,11.6,0.0,5.497787143782138,2.5
951,15.0,19.0,4.0,13.0,400.0,102.0,11.5,0.0,5.8904862254808625,2.8
952,11.0,28.0,8.0,15.0,400.0,99.0,10.6,0.0,0.39269908169872414,3.4
953,15.0,43.0,4.0,16.0,400.0,97.0,9.0,0.0,0.7853981633974483,1.5
954,19.0,55.0,4.0,17.0,400.0,96.0,8.5,0.0,1.1780972450961724,0.8
955,19.0,55.0,4.0,17.0,400.0,91.0,8.2,0.0,5.105088062083414,1.3
956,13.0,29.0,3.0,21.0,400.0,90.0,7.4,0.0,4.712388980384691,0.8
957,15.0,19.0,3.0,22.0,400.0,90.0,6.7,0.0,4.712388980384691,1.2
958,11.0,18.0,3.0,20.0,400.0,80.0,6.4,0.0,0.0,1.2
959,16.0,18.0,4.0,29.0,400.0,86.0,5.9,0.0,4.712388980384691,1.5
960,12.0,14.0,3.0,22.0,400.0,92.0,5.9,0.0,4.712388980384691,2.2
961,11.0,16.0,3.0,14.0,400.0,93.3912,5.9,0.0,4.712388980384691,2.7
962,3.0,9.0,4.0,11.0,400.0,56.5488,5.7,0.0,4.712388980384691,3.6
963,10.0,11.0,5.4264,12.0,900.0,45.0,5.7,0.0,4.712388980384691,3.0
964,7.0,13.0,6.0,10.0,200.0,75.1842,5.3,0.0,4.712388980384691,1.3
965,6.0,10.0,5.0,7.5961,300.0,91.2492,5.4,0.0,4.712388980384691,2.6
966,5.0,7.0,4.0,8.0,400.0,92.3202,6.0,0.0,4.712388980384691,3.7
967,3.0,6.0,4.0,10.0,400.0,81.396,7.2,0.0,4.712388980384691,5.7
968,8.0,19.0,7.0,20.0,400.0,83.7522,8.3,0.0,5.105088062083414,5.2
969,14.0,17.0,7.0,16.0,400.0,91.2492,10.0,0.0,4.712388980384691,1.9
970,13.0,16.0,6.0,16.0,400.0,96.1758,10.8,0.0,0.39269908169872414,6.9
971,11.0,16.0,3.0,12.0,300.0,98.9604,11.2,0.0,5.8904862254808625,2.1
972,13.0,33.0,4.0,12.0,400.0,98.3178,11.3,0.0,0.39269908169872414,2.7
973,18.0,45.0,4.0,11.0,400.0,99.603,11.4,0.0,0.0,2.0
974,18.0,45.0,3.0,11.0,400.0,98.3178,11.5,0.0,0.7853981633974483,2.0
975,11.0,27.0,3.0,11.0,400.0,97.0326,12.4,0.0,5.8904862254808625,3.0
976,27.0,28.0,4.0,16.0,400.0,94.8906,12.7,0.0,0.0,2.5
977,9.0,26.0,5.0,16.0,400.0,97.2468,12.0,0.0,5.8904862254808625,1.9
978,11.0,38.0,3.0,20.0,400.0,92.106,11.4,0.0,4.712388980384691,3.4
979,9.0,62.0,3.0,17.0,400.0,97.2468,10.8,0.0,4.712388980384691,2.3
980,8.0,43.0,5.0,24.0,400.0,89.3214,10.1,0.0,4.712388980384691,1.4
981,8.0,43.0,5.0,24.0,500.0,67.9014,7.6,0.0,4.712388980384691,0.0
982,16.0,50.0,8.0,79.0,700.0,31.4874,5.8,0.0,5.497787143782138,0.9
983,16.0,50.0,9.0,79.0,1500.0,6.6402,6.0,0.0,4.712388980384691,2.0
984,35.0,100.0,11.0,104.0,1200.0,3.4272,5.8,0.0,4.712388980384691,1.6
985,46.0,111.0,10.0,100.0,900.0,10.71,6.9,0.0,1.1780972450961724,0.6
986,28.0,63.0,11.0,83.0,800.0,45.8388,4.0,0.0,5.8904862254808625,0.2
987,16.0,40.0,12.0,44.0,500.0,63.4032,4.1,0.0,0.7853981633974483,2.0
988,10.0,16.0,7.0,22.0,700.0,49.26600000000001,6.2,0.0,5.497787143782138,0.6
989,11.0,22.0,11.0,37.0,500.0,69.615,4.9,0.0,4.712388980384691,1.0
990,6.0,6.0,9.0,20.0,600.0,74.97,7.8,0.0,1.1780972450961724,1.3
991,11.0,14.0,11.0,19.0,700.0,63.4032,9.8,0.0,0.39269908169872414,1.5
992,8.0,17.0,14.0,38.0,500.0,81.396,10.8,0.0,5.497787143782138,3.1
993,9.0,14.0,6.0,25.0,500.0,92.9628,11.7,0.0,0.39269908169872414,2.2
994,8.0,29.0,4.0,15.0,500.0,91.8918,13.0,0.0,5.497787143782138,2.9
995,55.0,30.0,8.0,19.0,500.0,92.3202,13.8,0.0,5.8904862254808625,1.6
996,55.0,30.0,8.0,16.0,900.0,97.8894,14.9,0.0,0.0,3.5
997,55.0,27.0,7.0,13.0,400.0,103.6728,16.4,0.0,5.8904862254808625,2.3
998,55.0,28.0,6.0,16.0,400.0,103.2444,17.0,0.0,0.7853981633974483,2.7
999,55.0,69.0,4.284,15.1922,900.0,105.8148,17.1,0.0,4.712388980384691,3.3
